Name,Address,City,State,Years_of_Operation,Pylon,Currently,Web,Notes
J. J. Sanders,,Ada,MN,&lt;--1940--&gt;,,,,
Ada Implement Company,,Ada,MN,&lt;--1948-1957--&gt;,,,,
"Sanders Bros., Inc.",,Ada,MN,&lt;--1962-1970--&gt;,,,,
"Red River Valley Implements, Inc.",Highway 200 East,Ada,MN,&lt;--1978-1980--&gt;,,,,
Osmundson Brothers Implement,West Main Street & 3rd  Street NW / 211 West Main Street,Adams,MN,&lt;--1948-2013--&gt;,J  P,Minnesota Ag Group,,"43.565240, -92.717310"
"W. L. Grove & Sons, Inc.",,Adrian,MN,&lt;--1948--&gt;,,,,
Grove & Munns,,Adrian,MN,&lt;--1955-1958--&gt;,,,,
Olson & Dee,,Adrian,MN,&lt;--1962-1964--&gt;,,,,
T. H. Arens,,Aitkin,MN,&lt;--1948-1953--&gt;,,,,
Jim's Central Garage,,Aitkin,MN,&lt;--1958--&gt;,,,,
Hasskamp Equipment Company / Inc.,103 1st Street NW,Aitkin,MN,&lt;--1967-1970--&gt;,,,,
John Blenker,,Albany,MN,&lt;--1944,,,,
Schiffler Farm Equipment Company / Inc.,300 Railroad Avenue,Albany,MN,&lt;--1948-1984--&gt;,,,,
McCormick-Deering Store,,Albert Lea,MN,&lt;--1943,,,,
Kleinpaste Implement Company,1126 South Broadway Avenue,Albert Lea,MN,&lt;--1945-1948--&gt;,J P,,,"43.638112, -93.368910"
Kleinpaste-Gorder Equipment Company,1126 South Broadway Avenue,Albert Lea,MN,&lt;--1955-1958--&gt;,P,,,"43.638112, -93.368910"
Zetterholm Motors (Inc.),,Albert Lea,MN,&lt;--1962-1967--&gt;,,,,
Linnes-Weiler Motors,Frank Avenue,Albert Lea,MN,&lt;--1969--&gt;,,,,
"Peterson International, Inc.",Highway 46 East,Albert Lea,MN,&lt;--1978-1984--&gt;,,,,
Arnold Dick,,Albertville,MN,&lt;--1913--&gt;,,,,
Alden Hardware,,Alden,MN,&lt;--1946,,,,
Alden Hardware & Implement Company,,Alden,MN,&lt;--1948-1967--&gt;,,,,
Brown Bros. & Chapin,,Alexandria,MN,&lt;--1924--&gt;,,,,
Brown Bros.,,Alexandria,MN,&lt;--1946,,,,
A. P. Hustad / A. P. Hustad Implement (Company),123 3rd Avenue East,Alexandria,MN,1943-1984--&gt;,J,,,
Alexandria Diesel (Inc.),Highway 29 & 50th Street W,Alexandria,MN,&lt;--1980-1990--&gt;,,,,
Kelm Implement & Hardware Company,,Alma City,MN,&lt;--1922--&gt;,,,,
Almelund Mercantile Company,,Almelund,MN,&lt;--1913--&gt;,,,,
Farmers Co-operative Company,,Almelund,MN,&lt;--1919--&gt;,,,,
Krause Brothers,,Amboy,MN,&lt;--1925--&gt;,,,,
Kranz Implements,Highway 30 Main Street,Amboy,MN,&lt;--1948-1984--&gt;,,,,
Magnuson Sales,,Annandale,MN,&lt;--1948--&gt;,J,,,
Hawkinson & Schauer,,Annandale,MN,&lt;--1962--&gt;,,,,
Magnuson Farm Implements,,Annandale,MN,,,,,
Freeburg Implement Company,,Anoka,MN,&lt;--1948-1950--&gt;,,,,
"Winch-Milles Implements & Truck, Inc.",,Anoka,MN,&lt;--1958--&gt;,,,,
Anoka Independent Grain & Feed,,Anoka,MN,&lt;--1962-1964--&gt;,,,,
"Anoka International Sales & Service, Inc.",,Anoka,MN,&lt;--1967-1973--&gt;,,,,
Bloomquist International Trucks (Inc.),6140 Highway 10,Anoka,MN,&lt;--1974-1980--&gt;,,,,
"Greenbergs, Inc.",19745 Nowthen Blvd. NW,Anoka,MN,&lt;--1979--&gt;,,,,
Evans Bros.,,Appleton,MN,&lt;--1926--&gt;,,,,
Appleton Farm Equipment (Company),,Appleton,MN,&lt;--1940-1948--&gt;,,,,
Witte Implement Company,,Appleton,MN,&lt;--1958--&gt;,,,,
"Schoening & Huckle, Inc.",,Appleton,MN,&lt;--1962-1964--&gt;,,,,
Bower's Farm Equipment,,Appleton,MN,,,,,
Joe Graeve Motors,7500 West 145th Street,Apple Valley,MN,&lt;--1977-1979--&gt;,,,,
N. P. Williamson & Son,,Arco,MN,&lt;--1945,,,,
O. R. Johnson,,Arco,MN,&lt;--1948--&gt;,,,,
Argyle Implement Company,,Argyle,MN,&lt;--1915-1916--&gt;,,,,
Amundgaard Machine Company,,Argyle,MN,&lt;--1948--&gt;,,,,
Algot Anderson Garage,,Argyle,MN,&lt;--1962-1969--&gt;,,,,
Mueller Bros.,,Arlington,MN,&lt;--1913-1919--&gt;,,,,
Thomes Brothers,414 West Main Street,Arlington,MN,&lt;--1948-1980--&gt;,,,,
Budahn's Garage,,Arlington,MN,&lt;--1958--&gt;,,,,
Harens Garage,,Arlington,MN,&lt;--1962-1969--&gt;,,,,
Farmer's Equity Association,,Ashby,MN,&lt;--1948-1973--&gt;,,,,
"Holm Brothers (of Atwater, Inc.)",,Atwater,MN,&lt;--1948-1980--&gt;,,,,
Haukedahl Trucking,Highway 10,Audubon,MN,&lt;--1973-1976--&gt;,,,,
"Haukedahl Truck Sales, Inc.",Highway 10,Audubon,MN,&lt;--1977-1980--&gt;,,,,
Johnson & Jacobson,,Audubon,MN,,,,,
Skubic Garage,,Aurora,MN,,,,,
J. E. McEnaney,,Austin,MN,&lt;--1932--&gt;,,,,
Mower County Equipment Company,,Austin,MN,&lt;--1948--&gt;,,,,
McCormick Farm Equipment Store,1303 East Oakland Avenue; Highway 218 North,Austin,MN,&lt;--1955-1962--&gt;,,,,
International Harvester Sales & Service,Highway 218 North,Austin,MN,&lt;--1964-1969--&gt;,,,,
Lichy Implement Company,,Avon,MN,&lt;--1948--&gt;,,,,
Eslers Garage & Implement,,Backus,MN,&lt;--1948--&gt;,,,,
Backus Auto & Implement,,Backus,MN,&lt;--1958--&gt;,,,,
B. J. Borgen (Implement),,Badger,MN,&lt;--1948-1964--&gt;,,,,
Borgen Implement Company / Inc.,,Badger,MN,&lt;--1967-1984--&gt;,,,,
Honstad Implement Company,,Bagley,MN,&lt;--1945-1958--&gt;,,,,
Trefz Motor & Implement Company / Inc.,501 Sand Lake Avenue; 501 West 3rd Street,Bagley,MN,&lt;--1974-1984--&gt;,,,,
Fred Miller,,Baker,MN,&lt;--1948--&gt;,,,,
G. H. Garlow,,Balaton,MN,&lt;--1910--&gt;,,,,
Parrott Implement (Company),,Balaton,MN,&lt;--1948-1962--&gt;,,,,
Ed Ahonen,,Balkan,MN,&lt;--1922-1923--&gt;,,,,
McDunn's,,Barnesville,MN,&lt;--1948--&gt;,,,,
C & H Equipment Company,,Barnesville,MN,&lt;--1958--&gt;,,,,
Borth Implement,,Barnesville,MN,&lt;--1962--&gt;,,,,
Barrett Implement Company,,Barrett,MN,&lt;--1919--&gt;,,,,
T. A. Ransted,,Battle Lake,MN,1902-1912--&gt;,,,,
A. T. Herfindahl,,Battle Lake,MN,&lt;--1948-1958--&gt;,,,,
Newell O. Lee / N. O. Lee,,Baudette,MN,&lt;--1938-1962--&gt;,,,,
Knutson & Gongoll,,Becker,MN,&lt;--1948--&gt;,,,,
Lindquist & Linderholm,,Belgrade,MN,&lt;--1948-1964--&gt;,,,,
Belle Plaine Implement Company,,Belle Plaine,MN,&lt;--1948--&gt;,J,,,
B & B Equipment (Company),,Belle Plaine,MN,&lt;--1958-1967--&gt;,,,,
Witte's Garage & Implement,,Bellingham,MN,&lt;--1948--&gt;,,,,
Grinols Implement & Fuel Company,,Bemidji,MN,&lt;--1948--&gt;,,,,
Newland & Paul Implement & Truck Company,,Bemidji,MN,&lt;--1958--&gt;,,,,
Paul Implement & Truck Company,,Bemidji,MN,&lt;--1962--&gt;,,,,
Thorson International,Highway 71 North,Bemidji,MN,&lt;--1964-1984--&gt;,,,,
F. J. McCauley,,Benson,MN,&lt;--1915--&gt;,,,,
Benson Machine Company,,Benson,MN,&lt;--1926--&gt;,,,,
Quinn Brothers Implement Company,,Benson,MN,&lt;--1945-1948--&gt;,J,,,
Quinn Brothers,,Benson,MN,&lt;--1958-1969--&gt;,,,,
"Quinn's, Inc.",Highway 12 East,Benson,MN,&lt;--1973-1984--&gt;,,,,
"Bertas, Inc.",Highway 12 East,Benson,MN,&lt;--1978-1984--&gt;,,,,
Strohkirch Company,,Beroun,MN,&lt;--1946,,,,
Guy Williams,,Bertha,MN,&lt;--1948-1958--&gt;,J,,,
Wegener Implement,,Bertha,MN,&lt;--1962-1963--&gt;,,,,
J. H. Miller,,Big Lake,MN,&lt;--1909--&gt;,,,,
Emil Olson,,Bigelow,MN,&lt;--1923--&gt;,,,,
Bigfork Motors,,Bigfork,MN,&lt;--1946,,,,
C. A. Liem Company,,Bingham Lake,MN,&lt;--1948--&gt;,,,,
Magnuson Motor Company,,Blackduck,MN,&lt;--1948--&gt;,,,,
Srsen Auto Company,245 Main Street E,Blooming Prairie,MN,&lt;--1938-1980--&gt;,,,,
Sid Johnson,,Blue Earth,MN,&lt;--1946,,,,
Eide Implement Company,,Blue Earth,MN,&lt;--1948--&gt;,,,,
Holland Implement Company,,Blue Earth,MN,&lt;--1955-1969--&gt;,,,,
"C & F Equipment, Inc.",Highway 16 West,Blue Earth,MN,&lt;--1978-1984--&gt;,,,,
"Cazett Implement, Inc.",,Blue Earth,MN,,,,,
G. A. Wendorf,,Bongards,MN,&lt;--1944-1964--&gt;,J,,,
Nels Wangenstein,,Bovey,MN,&lt;--1945,,,,
S. F. Surma,,Bowlus,MN,&lt;--1948--&gt;,,,,
E. D. Quist,,Boyd,MN,&lt;--1946,,,,
Weisz Bros.,,Boyd,MN,&lt;--1948,,,,
Knutson Implement & Hardware,,Boyd,MN,&lt;--1948--&gt;,,,,
Merril Knutson,,Boyd,MN,,,,,
Braham Implement & Motor Company,,Braham,MN,&lt;--1948--&gt;,,,,
Braham Implement Company,,Braham,MN,&lt;--1958-1962--&gt;,,,,
G. E. Senn,,Brainerd,MN,&lt;--1945,,,,
Harold J. Skarolid,,Brainerd,MN,&lt;--1948-1967--&gt;,J,,,
Anderson International,13th Street SE,Brainerd,MN,&lt;--1973--&gt;,,,,
Johnson Truck Sales (Inc.),13th Street SE; Highways 210 & 371 West,Brainerd,MN,&lt;--1974-1979--&gt;,,,,
"Northland Truck, Inc.",Highway 210 East,Brainerd,MN,&lt;--1984-1985--&gt;,,,,
Nels Kronberg,,Brandon,MN,&lt;--1925-1926,,,, From Roger Roers &lt;dcr@gctel.net&gt;
John Korkowski / Korkowski Implement Company,203 2nd Street East,Brandon,MN,1926-1981,,,, From Roger &lt;dcr@gctel.net&gt;
Farmers Supply & Grain Company,,Breckenridge,MN,&lt;--1925--&gt;,,,,
Brewster Implement Company,,Brewster,MN,&lt;--1947-1948--&gt;,,,,
Herum Implement Company,,Bricelyn,MN,&lt;--1948--&gt;,,,,
"Crystal Motors, Inc.",7008 63rd Avenue North; Highway 52 & 63rd Avenue North,Brooklyn Park,MN,&lt;--1967-1980--&gt;,,,,
Dokken Motor Company,,Brooten,MN,&lt;--1948-1958--&gt;,,,,
G. A. Monnie & Sons,,Browerville,MN,&lt;--1948--&gt;,,,,
Schiefelbein Implement Company,,Browns Valley,MN,&lt;--1948-1964--&gt;,,,,
F. W. Albrecht & Sons,,Brownton,MN,,,,,
Bruno Farmers Exchange,,Bruno,MN,&lt;--1948--&gt;,,,,
F. J. Mischke,,Buckman,MN,&lt;--1948--&gt;,,,,
Peterson Feed & Implement Company,,Buffalo,MN,&lt;--1930-1948--&gt;,,,,
Peterson Auto Sales,,Buffalo,MN,&lt;--1958-1967--&gt;,,,,
"Buffalo Chrysler-Plymouth, Inc.",,Buffalo,MN,&lt;--1969--&gt;,,,,
Leinbach Equipment,,Buffalo,MN,,,,,
Buhl Motor Service (Inc.),402 Pennsylvania Avenue,Buhl,MN,&lt;--1958-1980--&gt;,,,,
D. A. Nickel,,Butterfield,MN,&lt;--1929--&gt;,,,,
Frank Brothers,,Caledonia,MN,&lt;--1921--&gt;,,,,
Nielsen Motor Truck Sales,,Caledonia,MN,&lt;--1958--&gt;,,,,
Gouldberg & Anderson,,Cambridge,MN,1902-1913--&gt;,,,,
Ellingson Hardware & Implement Company,,Cambridge,MN,&lt;--1948--&gt;,,,,
Fredlund Brothers,,Cambridge,MN,&lt;--1958--&gt;,,,,
Greenberg Motor & Equipment Company,Highway 95 East,Cambridge,MN,&lt;--1978-1980--&gt;,,,,
Thomas Tilghman,,Canby,MN,&lt;--1918--&gt;,,,,
Nevenheim & Anderson,,Canby,MN,&lt;--1921-1925--&gt;,,,,
Larson & Gross,,Canby,MN,&lt;--1948-1958--&gt;,,,,
Swenson Implement,,Canby,MN,&lt;--1967--&gt;,,,,
Leo Hentges Implement,,Canby,MN,,,,,
Flom Implement Company,,Cannon Falls,MN,&lt;--1948--&gt;,,,,
Bethke Implement Company,,Cannon Falls,MN,&lt;--1958--&gt;,,,,
Dabelow Pontiac-Buick,,Cannon Falls,MN,&lt;--1967-1969--&gt;,,,,
Frank Ehlert & Son,,Carlos,MN,&lt;--1948--&gt;,,,,
J. E. McFarland,,Carlton,MN,&lt;--1948--&gt;,,,,
Hebelsen Brothers,3rd Street,Carver,MN,&lt;--1948--&gt;,,,,
J. R. De Long,,Cedar,MN,&lt;--1944,,,,
Jorstad Implement Company,,Ceylon,MN,&lt;--1945,,,,
Schmidt Implement Company,,Ceylon,MN,&lt;--1948--&gt;,J P,,,
"Swanson & Clark, Inc.",,Ceylon,MN,&lt;--1955--&gt;,,,,
Ceylon Implement Company,,Ceylon,MN,&lt;--1956-1964--&gt;,,,,
Schuur Implement Company,,Chandler,MN,&lt;--1948-1969--&gt;,,,,
Hervey Implement Company,,Chatfield,MN,&lt;--1948--&gt;,,,,From Rich Tucker
Machinery Hill,,Chatfield,MN,&lt;--1958--&gt;,,,,
Bernard('s) Sales & Service,,Chatfield,MN,&lt;--1962-1969--&gt;,,,,
J. H. Gustafson Company,,Chisago City,MN,&lt;--1945,,,,
Farm Service Company,,Chisholm,MN,&lt;--1945,,,,
Maturi Motors,,Chisholm,MN,&lt;--1952--&gt;,,,,
Pederson Hardware Company,,Chokio,MN,&lt;--1922--&gt;,,,,
Sletten Implement Company,,Chokio,MN,&lt;--1945,,,,
Albert N. Olson,,Chokio,MN,&lt;--1948--&gt;,,,,
Stimmler Implement,,Chokio,MN,&lt;--1958--&gt;,,,,
Clara City Farmers Elevator,,Clara City,MN,&lt;--1947,,,,
Tammen Motor Sales,,Clara City,MN,&lt;--1948--&gt;,,,,
Fritz Truck Service / Fritz Trucking Service,,Clara City,MN,&lt;--1958-1976--&gt;,,,,
"Rand Hardware Company, Inc.",,Claremont,MN,&lt;--1948--&gt;,,,,
Demi's Garage,Front Street,Claremont,MN,&lt;--1958-1980--&gt;,,,,
Branum Machine Shop,,Clarissa,MN,&lt;--1958--&gt;,,,,
Peter Anderson,,Clarkfield,MN,&lt;--1909--&gt;,,,,
Clarkfield-Playford Silo Company,,Clarkfield,MN,&lt;--1919--&gt;,,,,
Johnson Brothers,,Clarkfield,MN,&lt;--1944,,,,
Sharkey Implement,,Clarkfield,MN,&lt;--1948-1958--&gt;,,,,
Clarks Grove Hardware Company,,Clarks Grove,MN,&lt;--1934--&gt;,,,,
Clarks Grove Hardware & Implement Company,,Clarks Grove,MN,&lt;--1948-1958--&gt;,,,,
Dingmann Hardware,,Clear Lake,MN,&lt;--1948--&gt;,,,,
"Opheim, Espeseth & Nelson",,Clearbrook,MN,&lt;--1922--&gt;,,,,
Lundmark Motor Company,,Clearbrook,MN,&lt;--1958--&gt;,,,,
V. C. Hopfenspirger,,Clements,MN,&lt;--1947,,,,
Hopfenspirger Implement Company,,Clements,MN,&lt;--1948-1958--&gt;,,,,
Lloyd Brothers & Davis,,Cleveland,MN,&lt;--1913--&gt;,,,,
Cooke Hardware & Implement (Company),,Cleveland,MN,&lt;--1948-1958--&gt;,,,,
C. M. Davidson,,Climax,MN,&lt;--1934-1948--&gt;,,,,
Climax Implement (Company),,Climax,MN,&lt;--1962-1969--&gt;,,,,
Gustafson Hardware & Implement (Company),,Clinton,MN,&lt;--1926-1945,,,,
Clinton Implements,,Clinton,MN,&lt;--1948-1958--&gt;,,,,
Mikkelson & Son,,Clontarf,MN,&lt;--1948--&gt;,,,,
Hongisto Truck & Implement Company / Inc.,616 Sunnyside Drive; 268 Highway 33 North,Cloquet,MN,1941-1985--&gt;,J  P,,http://hongistotruck.com/History2.htm,"46.734640, -92.467190"
Cokato Hardware & Implement Company,,Cokato,MN,&lt;--1930-1947,,,,
Winchester Store,,Cokato,MN,,,,,
Wenner Company,,Cold Spring,MN,&lt;--1948-1958--&gt;,,,,
Coleraine Service Garage,,Coleraine,MN,&lt;--1958--&gt;,,,,
Coleraine Auto Service,,Coleraine,MN,&lt;--1962--&gt;,,,,
Cliff Maki Body Shop,211 Roosevelt Street,Coleraine,MN,&lt;--1964-1980--&gt;,,,,
Columbia Heights Motors,4849 Central Avenue,Columbia Heights,MN,&lt;--1974-1976--&gt;,,,,
Martin Windschitl,,Comfrey,MN,&lt;--1922--&gt;,,,,
A. O. Quarnstrom & Son,Corner of Broad & Ochre Streets,Comfrey,MN,&lt;--1948-1958--&gt;,,,,
Quarnstrom Implement Company,,Comfrey,MN,,,,,
Enzmann Bros.,,Cook,MN,&lt;--1948--&gt;,,,,
Chase Lumber Yard,,Cook,MN,&lt;--1958-1962--&gt;,,,,
W. J. De Wall,,Correll,MN,&lt;--1919--&gt;,,,,
E. A. Hackbarth,,Cosmos,MN,&lt;--1946,,,,
Cosmos Implement Company,,Cosmos,MN,&lt;--1948-1952--&gt;,P,,,
Hackbarth Implements,,Cosmos,MN,&lt;--1978-1980--&gt;,,,,
Bahls Implement & Motor Company,,Cottage Grove,MN,&lt;--1947,,,,
Smith's Farm Store,956 West 1st Street,Cottonwood,MN,&lt;--1958-1973--&gt;,,,,
G. W. Schlottman,,Courtland,MN,&lt;--1911--&gt;,,,,
N. P. Stone Company,,Crookston,MN,&lt;--1930-1957,,,,
K. E. Bengson / K. E. Bengson's Implement Company,,Crookston,MN,1957-1960--&gt;,,,,
McCormick Farm Equipment Store,,Crookston,MN,&lt;--1962--&gt;,,,,
International Harvester Sales & Service,302 North Main Street; Highway 75 South,Crookston,MN,&lt;--1964-1976--&gt;,,,,
"Larson International, Inc.",Highway 75 South,Crookston,MN,&lt;--1977-1980--&gt;,,,,
"Red Power International, Inc.",Highway 75 South,Crookston,MN,&lt;--1984-1990--&gt;,,,,
Rosholt Equipment Company,212 North Main Street,Crookston,MN,,,,,
Crosby Hardware (Company),,Crosby,MN,&lt;--1958-1967--&gt;,,,,
Crosby Equipment & Hardware Company,,Crosby,MN,&lt;--1969--&gt;,,,,
Louie Sykora,,Currie,MN,&lt;--1946,,,,
Haycraft Brothers,,Currie,MN,&lt;--1948-1958--&gt;,,,,
Daggett Implement Company,,Daggett,MN,&lt;--1948--&gt;,,,,
Dahlen Auto & Machine Company,,Dahlen,MN,&lt;--1948--&gt;,,,,
Chris Trocinski,,Dakota,MN,&lt;--1947,,,,
Minge Implement Company,,Dalton,MN,&lt;--1948--&gt;,,,,
Brown's Implement,,Dalton,MN,&lt;--1953--&gt;,,,,
Danube Hardware Company,,Danube,MN,&lt;--1945,,,,
Danube Implement Company,,Danube,MN,&lt;--1948--&gt;,,,,
Darfur Implement Company (Inc.),,Darfur,MN,&lt;--1931-1984--&gt;,J,,,
Farmer's Corporation,,Dassel,MN,&lt;--1948--&gt;,J,,,
Farmer's Corporation,,Dassel,MN,&lt;--1963--&gt;,,,,
Nelson Motor Company,,Dassel,MN,&lt;--1958-1969--&gt;,,,,
Magnuson & Phillips,,Dassel,MN,,,,,
H. O. Christianson,,Dawson,MN,&lt;--1925-1947,,,,
D. E. Pederson,,Dawson,MN,&lt;--1948-1964--&gt;,,,,
"Anderson-Pederson, Inc.",Highway 212 West,Dawson,MN,&lt;--1967-1980--&gt;,,,,
"Breberg Implement Company, Inc.",,Dawson,MN,&lt;--1972--&gt;,,,,
"Riverside International, Inc.",860 6th Street; Highway 212 West,Dawson,MN,&lt;--1978-1984--&gt;,,,,
"Ricker Trucks, Inc.",Highway 212 West,Dawson,MN,&lt;--1984-1985--&gt;,,,,
"Midwest Truck & Parts, Inc.",Highway 212,Dawson,MN,&lt;--1990--&gt;,,,,
P. W. Bresnahan,,De Graff,MN,&lt;--1918--&gt;,,,,
B. R. Schendel,,Deer Creek,MN,&lt;--1944,,,,
Thelen Implement (Company),,Deer Creek,MN,&lt;--1948--&gt;,,,,
Farmers Co-op Exchange,,Deer River,MN,&lt;--1946,,,,
Ziebarth & Tomnitz,,Delano,MN,&lt;--1915--&gt;,,,,
Henze Garage,,Delano,MN,&lt;--1945,,,,
Steller's,,Delano,MN,&lt;--1948--&gt;,J,,,
Len's Service,,Delano,MN,&lt;--1958--&gt;,,,,
Dixon-VanLith Implement,,Delano,MN,,,,,
Geo. O. Jensen,,Delavan,MN,&lt;--1948--&gt;,,,,
Delft Implement Company,,Delft,MN,&lt;--1948-1958--&gt;,,,,
Carson Farmer's Elevator Company,,Delft,MN,,,,,
Johnson Implement Company,318 East Frazee Street,Detroit Lakes,MN,&lt;--1948-1951--&gt;,,,,
Barber's Direct Service,,Detroit Lakes,MN,&lt;--1958--&gt;,,,,
Freborg & Wells,,Detroit Lakes,MN,&lt;--1962-1964--&gt;,,,,
Baker Auto Sales,,Detroit Lakes,MN,&lt;--1967--&gt;,,,,
Burgett Auto Sales,,Detroit Lakes,MN,&lt;--1969--&gt;,,,,
Mitchell Chevrolet Company,,Detroit Lakes,MN,,,,,
Nortz Lumber Company,,Doran,MN,&lt;--1944,,,,
Dugdale Mercantile Company,,Dugdale,MN,&lt;--1921--&gt;,,,,
E. J. Filiatrault,,Duluth,MN,&lt;--1919--&gt;,,,,
Herbert Spindler / Herb Spindler Company,2901 West Superior Street,Duluth,MN,&lt;--1948--&gt;,,,,
International Harvester Company,114 East 1st Street,Duluth,MN,&lt;--1954,,,,
International Harvester Company ~ Truck Branch,3204 Carlton Street,Duluth,MN,1954-1980--&gt;,,,,
"Foss International Trucks, Inc.",3204 Carlton Street,Duluth,MN,&lt;--1984-1985--&gt;,,,,
Rosholt Equipment Company,,Duluth,MN,&lt;--1954--&gt;,,,,
"Hall Equipment, Inc.",210 Garfield Avenue,Duluth,MN,&lt;--1968--&gt;,,,,
Phillippi Equipment Company,,Duluth,MN,,,,,
Anderson De Long Company,,Duquette,MN,&lt;--1947,,,,
E. R. Nelson,,Eagle Bend,MN,&lt;--1948-1958--&gt;,,,,
Adolph Lund (Company),316-318 Demers Avenue,East Grand Forks,MN,&lt;--1934-1949--&gt;,,,,
Hoffert Motor Service,Highway 220 North,East Grand Forks,MN,&lt;--1967-1973--&gt;,,,,
Hoffert Motor Service,1717 Central Avenue NW,East Grand Forks,MN,&lt;--1990,,,,
Farmers Co-op Trading Company,,East Lake,MN,&lt;--1948--&gt;,,,,
Geo. F. Pehling,,Echo,MN,&lt;--1919--&gt;,,,,
Rick Brothers,,Echo,MN,&lt;--1945,,,,
Rust Implement Company,,Echo,MN,&lt;--1948-1958--&gt;,,,,
Echo Motors,,Echo,MN,&lt;--1962-1969--&gt;,,,,
J. L. Rushland & Company,,Eden Valley,MN,&lt;--1913--&gt;,,,,
Jos. S. Fink,,Eden Valley,MN,&lt;--1948--&gt;,,,,
Roelofs Implement Company / Inc.,812 Main Street,Edgerton,MN,&lt;--1948-1980--&gt;,,,,
Anderson & Carlson,,Effie,MN,&lt;--1948--&gt;,,,,
Brookside Service,,Edina,MN,&lt;--1958-1962--&gt;,,,,
Halvorson Bros.,,Elbow Lake,MN,&lt;--1945,,,,
Huseth & Waye,,Elbow Lake,MN,&lt;--1948--&gt;,,,,
Walwick & Ellingson,,Elbow Lake,MN,&lt;--1953-1963,,,,
Aamot & Ellingson,,Elbow Lake,MN,1963--&gt;,,,,
E. H. Beck,,Elgin,MN,&lt;--1948--&gt;,,,,
E. H. Beck & Son,,Elgin,MN,&lt;--1958-1974--&gt;,,,,
"Beck Implement, Inc.",50 Center Street South,Elgin,MN,&lt;--1978-1984--&gt;,,,,
Elk River Implements,,Elk River,MN,&lt;--1940--&gt;,,,,
Elk River Implement Company,,Elk River,MN,&lt;--1948-1962--&gt;,,,,
Herlyn Sales,,Elk River,MN,&lt;--1964--&gt;,,,,
Custom Motor & Truck Sales,,Elk River,MN,&lt;--1967-1977--&gt;,,,,
Olson Implement Company,,Ellendale,MN,&lt;--1948-1958--&gt;,,,,
Wm. Bofenkamp Hardware & Implement Company,,Ellsworth,MN,&lt;--1948--&gt;,,,,
Domeyer & Gisolf Implement,,Ellsworth,MN,&lt;--1962-1969--&gt;,,,,
"Domeyer & Gisolf, Inc.",Highway 91; Main Street,Ellsworth,MN,&lt;--1978-1980--&gt;,,,,
S. B. Jensvold Company,,Elmore,MN,&lt;--1958--&gt;,,,,
E. J. Butler Company,,Elmore,MN,&lt;--1962-1969--&gt;,,,,
Baxtrum Garage,,Ely,MN,&lt;--1948--&gt;,,,,
Diesel Power Equipment,,Ely,MN,&lt;--1958--&gt;,,,,
Mike Motors,,Ely,MN,&lt;--1962-1969--&gt;,,,,
Axel Lamppa,,Embarrass,MN,&lt;--1948--&gt;,,,,
M. A. Halling,,Eureka Center,MN,&lt;--1945,,,,
Elysian Auto Company,,Elysian,MN,&lt;--1958--&gt;,,,,
Evan Implement Company,,Evan,MN,&lt;--1948-1958--&gt;,,,,
Ostlund Hardware & Implement,,Evansville,MN,&lt;--1948--&gt;,,,,
Flom Motor Service (Inc.),501 Fayal Road,Eveleth,MN,&lt;--1948-1974--&gt;,,,,
"Tom Williams Motor & Equipment, Inc.",410 Fayal Road; 501 Fayal Road,Eveleth,MN,&lt;--1976-1980--&gt;,,,,
Mason Motor Company,,Excelsior,MN,&lt;--1958-1973--&gt;,,,,
E. H. Beck,,Eyota,MN,,,,,
Reuben Sell,,Fairfax,MN,&lt;--1946,,,,
George Nelson Equipment Company,Lincoln Avenue West,Fairfax,MN,&lt;--1948-1969--&gt;,J P,,,"44.528820, -94.722160"
Fairfax Cooperative Creamery Company,Highway 4,Fairfax,MN,&lt;--1978-1984--&gt;,,,,
J. H. Gorman Implement Company,,Fairmont,MN,1902-1922--&gt;,,,,
A .H. Welchlin,,Fairmont,MN,&lt;--1916--&gt;,,,,
Martin Meier,,Fairmont,MN,&lt;--1937--&gt;,,,,
Meier Implement Company,,Fairmont,MN,&lt;--1944,,,,
Schmanski Implement Company,,Fairmont,MN,&lt;--1948,M,,,
Hodgman Equipment Company (Inc.),,Fairmont,MN,&lt;--1948-1958--&gt;,,,,
International Town & Country Equipment Company,,Fairmont,MN,&lt;--1962-1969--&gt;,,,,
Martin County Implement Company,Highway 16 West,Fairmont,MN,&lt;--1966--&gt;,,,,
International Harvester Company,Highway 16 West,Fairmont,MN,&lt;--1973-1976--&gt;,,,,
"Braeger International, Inc.",2320 West Lake Avenue,Fairmont,MN,&lt;--1978-1984--&gt;,,,,
Fairmont Equipment Company,2320 West Lake Avenue,Fairmont,MN,&lt;--1985--&gt;,P-ish?,,,
Welchlin & Rahn,,Fairmont,MN,,,,,
H. C. Heine & Son,,Faribault,MN,&lt;--1921--&gt;,,,,
Farm Equipment Store,,Farmington,MN,&lt;--1948-1964--&gt;,J,,,
Fischer Oldsmobile,,Farmington,MN,&lt;--1967-1969--&gt;,,,,
Joe Graeve Motors,201 Spruce Street,Farmington,MN,&lt;--1973-1976--&gt;,,,,
Farm Service Association of Farmington,310 3rd Street,Farmington,MN,&lt;--1978--&gt;,,,,
Fischer Brothers,,Farmington,MN,,,,,
Harry Swanson,,Felton,MN,&lt;--1945,,,,
O. Bertelsen & Company,,Fergus Falls,MN,&lt;--1914--&gt;,,,,
Mahler & Straus,,Fergus Falls,MN,&lt;--1946-1948--&gt;,,,,
McCormick Farm Equipment Store,Highway 210 West,Fergus Falls,MN,&lt;--1958-1962--&gt;,,,,
International Harvester Sales & Service,Highway 210 West,Fergus Falls,MN,&lt;--1964-1974--&gt;,,,,
"Helle International, Inc.",Highway 210 West,Fergus Falls,MN,&lt;--1976-1979--&gt;,,,,
"Fergus Falls International, Inc. / Fergus International",1010 Frontier Drive,Fergus Falls,MN,&lt;--1984-1990--&gt;,,,,
"Kinne's, Inc.",,Fergus Falls,MN,,,,,
A. O. & Solon Gullickson,,Fertile,MN,&lt;--1932-1945--&gt;,,,,
Solon Gullickson,300 Mill Street,Fertile,MN,&lt;--1946-1984--&gt;,,,,
Schoenmann's Garage,,Finlayson,MN,&lt;--1944-1949--&gt;,,,,
Hendrickson Motor Service,,Finlayson,MN,&lt;--1962-1964--&gt;,,,,
Gran Implement Company,,Floodwood,MN,&lt;--1944,,,,
S. A. Simonson,,Floodwood,MN,&lt;--1948--&gt;,,,,
Stephen's Body Shop,,Floodwood,MN,&lt;--1958--&gt;,,,,
A & A Service,,Floodwood,MN,&lt;--1962--&gt;,,,,
Farm Service Company,,Foley,MN,&lt;--1946,,,,
Schmidt & Watland Implement Company,,Foley,MN,&lt;--1948--&gt;,,,,
Schmidt Implement Company,,Foley,MN,&lt;--1958--&gt;,,,,
Wrucks Conoco Oil,,Foley,MN,&lt;--1962-1964--&gt;,,,,
Berggrens Machine Shop,,Forest Lake,MN,&lt;--1948,,,,
Lynch Implement & Motors,,Forest Lake,MN,&lt;--1948--&gt;,,,,
Hovey Equipment Company,,Forest Lake,MN,&lt;--1958--&gt;,,,,
Forest Lake Motors (Inc.),,Forest Lake,MN,&lt;--1962-1974--&gt;,,,,
Jack Lynch,,Forreston,MN,&lt;--1920--&gt;,,,,
Siguard Lade,,Fosston,MN,&lt;--1915--&gt;,,,,
J. E. Glover Implement Company,,Fosston,MN,&lt;--1945-1947--&gt;,,,,
Charles Reitmeier,,Fosston,MN,&lt;--1962-1964--&gt;,,,,
Kenny's Repair,,Fosston,MN,&lt;--1967-1969--&gt;,,,,
Frazee Implement Company,,Frazee,MN,&lt;--1914--&gt;,,,,
Daggett Implement Company,Old Highway 10,Frazee,MN,&lt;--1933-1990--&gt;,,,,
Freeport Farmers Company,,Freeport,MN,&lt;--1920--&gt;,,,,
Humbert Implement Company,,Freeport,MN,&lt;--1948-1984--&gt;,,,,
C. W. Mandelin,,French River,MN,&lt;--1948--&gt;,,,,
Jensvold Implement Company,,Frost,MN,&lt;--1940-1946--&gt;,,,,
"Jensvold, Inc.",,Frost,MN,&lt;--1948-1949--&gt;,,,,
Frost Sales & Service,,Frost,MN,&lt;--1955-1958--&gt;,,,,
M. J. Dickson & Company,,Fulda,MN,&lt;--1925-1948--&gt;,,,,
Roti-Lien,,Fulda,MN,&lt;--1958--&gt;,,,,
Roti Implement Company,,Fulda,MN,&lt;--1962--&gt;,,,,
T. G. Crane,,Garden City,MN,&lt;--1948--&gt;,,,,
Eeg Implement Company,,Gary,MN,&lt;--1948--&gt;,,,,
Airhart Implement,,Gary,MN,&lt;--1958--&gt;,,,,
Ansel Peterson,,Gaylord,MN,&lt;--1940--&gt;,,,,
Curran Equipment Company,,Gaylord,MN,&lt;--1946,,,,
Nesvig Equipment Company,8th Street & Frontage Road,Gaylord,MN,&lt;--1948-1984--&gt;,,,,
Gibbon Farmers' Cooperative Elevator Company,,Gibbon,MN,&lt;--1927--&gt;,,,,
H. C. Stresemann Hardware Company,,Gibbon,MN,&lt;--1937--&gt;,,,,
Stresemann Hardware,,Gibbon,MN,&lt;--1945,,,,
Zachman Equipment Company,,Gibbon,MN,&lt;--1948-1972--&gt;,,,,
Durken Implement Company,,Glencoe,MN,&lt;--1948--&gt;,,,,
Johnson Motor Company (Inc.),401 West 10th Street,Glencoe,MN,&lt;--1958-1990--&gt;,,,,
"Wacker Implement, Inc.",Highway 212,Glencoe,MN,&lt;--1978-1984--&gt;,,,,
Haukos Brothers,,Glencoe,MN,,,,,
Glenville Implement Company,,Glenville,MN,&lt;--1947,,,,
Hustad Implement,,Glenwood,MN,&lt;--1948--&gt;,,,,
Rybak Motor Company,,Glenwood,MN,&lt;--1958--&gt;,,,,
Grant Hustad Company,Highways 28 & 29,Glenwood,MN,&lt;--1962-1984--&gt;,,,,
Alsop Company,,Glyndon,MN,&lt;--1945,,,,
Otto Wickstrom,,Golden Valley,MN,&lt;--1948--&gt;,,,,
Jim Lupient Olds,7100 Wayzata Blvd.,Golden Valley,MN,&lt;--1976--&gt;,,,,
C. M. Bjorkquist (Company),,Gonvick,MN,&lt;--1922--&gt;,,,,
Randall Implement Company,,Gonvick,MN,&lt;--1948--&gt;,,,,
Bagne Oil Company,,Gonvick,MN,&lt;--1964-1969--&gt;,,,,
Jim Lupient Olds,7100 Wayzata Blvd.,Golden Valley,MN,&lt;--1974-1976--&gt;,,,,
A. H. Petrowske Implements / Art Petrowske Implements,,Good Thunder,MN,&lt;--1948-1958--&gt;,,,,
J. M. O'Reilly,,Goodhue,MN,&lt;--1927--&gt;,,,,
Tomfohr Implement Company (Inc.),,Goodhue,MN,&lt;--1948--&gt;,,,,
W. J. Lang,,Graceville,MN,&lt;--1922-1925--&gt;,,,,
A. P. Hustad,,Graceville,MN,&lt;--1945,,,,
Tintera Implement Company,,Graceville,MN,&lt;--1948--&gt;,,,,
Chalupnik-Hoffman (Implement),,Graceville,MN,&lt;--1957-1967,,,,
Hoffman Implement Company / Inc.,,Graceville,MN,1967-1984--&gt;,,,,
Andrew Shold,,Grand Marais,MN,&lt;--1948--&gt;,,,,
Shold & Lovaas Service,Highway 61,Grand Marais,MN,&lt;--1958-1980--&gt;,,,,
Grand Meadow Implement Company,,Grand Meadow,MN,&lt;--1948--&gt;,,,,
Hein Implement Company,,Grand Rapids,MN,&lt;--1948--&gt;,J,,,
Marohn Motor Company,,Grand Rapids,MN,&lt;--1958--&gt;,,,,
"Northern Motors of Grand Rapids, Inc.",,Grand Rapids,MN,&lt;--1962-1964--&gt;,,,,
"Mornes International, Inc.",,Grand Rapids,MN,1967-1971--&gt;,,,,"http://www.leagle.com/decision/198237243cctcm329_1292/MORNES,"
Itasca Truck Service Company,717 4th Street NE,Grand Rapids,MN,&lt;--1973-1974--&gt;,,,,
Highway Motors,,Granite Falls,MN,&lt;--1958-1969--&gt;,,,,
Rundquist & Elliott,,Grasston,MN,&lt;--1913--&gt;,,,,
Satterstrom & Samuelson,,Grasston,MN,&lt;--1948--&gt;,,,,
H. W. Prosser,,Greenbush,MN,&lt;--1948-1962--&gt;,,,,
Braun's Motor Service,,Greenbush,MN,&lt;--1967-1969--&gt;,,,,
Greenwald Farmers Co-op Company,,Greenwald,MN,&lt;--1948--&gt;,,,,
"Welle Implement, Inc.",21 4th Street,Greenwald,MN,&lt;--1978-1984--&gt;,,,,
J. J. Smith,,Grey Eagle,MN,,,,,
Holm Brothers,,Grove City,MN,&lt;--1948--&gt;,,,,
Donald Peterson Motors,,Grove City,MN,&lt;--1958-1969--&gt;,,,,
John Viken,,Grygla,MN,&lt;--1948--&gt;,,,,
L. H. Aos,,Gully,MN,&lt;--1948--&gt;,,,,
Nelson Implement Company,,Hallock,MN,&lt;--1936-1939,,,,
Nelson-Booker Implement Company,,Hallock,MN,1940-1942,,,,
Nelson Implement Company,,Hallock,MN,1943-1949--&gt;,,,,
Dappen & Quade,,Hallock,MN,&lt;--1952--&gt;,,,,
E. F. Quade,,Hallock,MN,&lt;--1958-1965--&gt;,,,,
Quade Implement Company,800 North Douglas Avenue,Hallock,MN,&lt;--1967-1973--&gt;,,,,
"Betlach, Inc.",Highway 75,Hallock,MN,&lt;--1974-1980--&gt;,,,,
"Morrison Equipment, Inc.",Atlantic Avenue,Hallock,MN,&lt;--1984--&gt;,,,,
Julius (Juel) Furuseth,,Halstad,MN,&lt;--1940-1948--&gt;,,,,
Wiese Equipment Company,,Halstad,MN,&lt;--1958--&gt;,,,,
McLaughlin Sales & Service,,Halstad,MN,&lt;--1962-1969--&gt;,,,,
Johnson & Olson Implement Company,,Hancock,MN,&lt;--1945,,,,
Mikkelson Implement,,Hancock,MN,&lt;--1948--&gt;,,,,
Mikkelson Motor & Implement,,Hancock,MN,&lt;--1958-1962--&gt;,,,,
Ing Johnson,,Hanley Falls,MN,&lt;--1911-1913--&gt;,,,,
Jesse Markeson,,Hanska,MN,,,,,
H. C. Peterson,,Hardwick,MN,&lt;--1946,,,,
Todd Implement Company,,Harmony,MN,&lt;--1948--&gt;,,,,
Harmony Implement Company,,Harmony,MN,&lt;--1958--&gt;,,,,
Harmony Truck Service,45 East Center Street,Harmony,MN,&lt;--1962-1977--&gt;,,,,
P & H Implement Company,30 Main Avenue S,Harmony,MN,&lt;--1978-1984--&gt;,,,,
Todd Bros.,,Harmony,MN,,,,,
Juntti Bros.,,Harney,MN,&lt;--1948--&gt;,,,,
Arnold's Garage,,Hartland,MN,&lt;--1958-1969--&gt;,,,,
"Bahls Implement & Motor Company / Bahls Motor & Implement, Inc.",101 Vermillion Street; 1017 Vermillion Street,Hastings,MN,&lt;--1948-1985--&gt;,J,,,
Thysell Brothers (Inc.),520 Main Street,Hawley,MN,&lt;--1948-1993,,,,
Brewer Munson Company,,Hayfield,MN,&lt;--1948--&gt;,,,,
Munson Implement Company,,Hayfield,MN,&lt;--1958--&gt;,,,,
Ole Esse & Son,,Hayward,MN,&lt;--1946,,,,
Ralph Braithwait,,Hector,MN,&lt;--1913--&gt;,,,,
Leo Rick,,Hector,MN,&lt;--1945,,,,
Butler & Larson,,Hector,MN,&lt;--1946,,,,
"Butler & Hendrickson, Inc.",,Hector,MN,&lt;--1948--&gt;,J,,,
Standard Motors,,Hector,MN,&lt;--1958-1976--&gt;,,,,
Standard Truck & Equipment Company,,Hector,MN,&lt;--1977-1979--&gt;,,,,
Hector Implement Company (Inc.),,Hector,MN,&lt;--1968-1984--&gt;,,,,
Steckman Bros.,,Henderson,MN,&lt;--1948-1969--&gt;,,,,
"E. C. Johnson / Dorn, Johnson & Moe, Inc.",,Hendricks,MN,1913-1943,,,,
Ray Thomsen,,Hendricks,MN,1943--&gt;,,,,
Thomsen Implement Company,,Hendricks,MN,&lt;--1948-1969--&gt;,,,,
"Ray Thomsen Implement, Inc.",Main Street,Hendricks,MN,&lt;--1973-1978,,,,
E. B. Brogard,,Henning,MN,&lt;--1945,,,,
Nelson Implement Company,,Henning,MN,&lt;--1947,,,,
Smith & Ferweda,,Henning,MN,&lt;--1948--&gt;,,,,
Wichterman Implement,,Henning,MN,&lt;--1953--&gt;,,,,
Thelen Implement,,Henning,MN,&lt;--1958--&gt;,,,,
Hawbaker Implements,,Herman,MN,&lt;--1948--&gt;,,,,
"Pederson Implement / Pederson's Agri-Service, Inc.",101 3rd Street E; 501 Pacific Avenue N,Herman,MN,1958-2017--&gt;,,Titan,,
"Mesaba Motors, Inc.",,Hibbing,MN,&lt;--1948--&gt;,,,,
Rosholt Equipment Company,2716 1st Avenue,Hibbing,MN,&lt;--1954--&gt;,,,,
Furlong & McHardy Motor Sales (Inc.),,Hibbing,MN,&lt;--1958-1962--&gt;,,,,
Cliff Rue Motor Sales,,Hibbing,MN,&lt;--1967-1969--&gt;,,,,
Phillippi Equipment Company,,Hibbing,MN,,,,,
J. B. Myhr,,Hill City,MN,,,,,
Herreid Implement,,Hills,MN,&lt;--1941-1942--&gt;,,,,
Sjolseth Implement Company,,Hills,MN,&lt;--1945-1950--&gt;,,,,
Dehler Implement Company,,Hinckley,MN,&lt;--1945,,,,
Williams Implement Company,,Hinckley,MN,&lt;--1948-1958--&gt;,,,,
Libra Implement Company,,Hinckley,MN,&lt;--1962--&gt;,,,,
Pruissen Truck & Implement Company,,Hinckley,MN,&lt;--1967-1969--&gt;,,,,
Pruissen Equipment Company,,Hinckley,MN,&lt;--1972-1984--&gt;,,,,
M. J. Solum,,Hitterdal,MN,&lt;--1948--&gt;,,,,
Sletten Implement Company,,Hoffman,MN,&lt;--1948-1958--&gt;,,,,
Olson Equipment,,Hoffman,MN,&lt;--1965--&gt;,,,,
Hokah Hardware Company,,Hokah,MN,&lt;--1927-1948--&gt;,,,,
Hokah Implement Company,,Hokah,MN,&lt;--1960-1961--&gt;,,,,
Jos. H. Philipsek,,Holdingford,MN,&lt;--1945,,,,
Holdingford Implement Company,,Holdingford,MN,&lt;--1948--&gt;,,,,
Kremer-Soltis,,Holdingford,MN,&lt;--1958--&gt;,,,,
Richard Verthein,,Holland,MN,&lt;--1946,,,,
W. H. Pfeiffer,,Holloway,MN,&lt;--1926--&gt;,,,,
Bren Hardware Company,714 Excelsior Avenue,Hopkins,MN,&lt;--1948--&gt;,,,,
Tracy Bros.,,Houston,MN,&lt;--1939--&gt;,,,,
Tracy Implement Company,,Houston,MN,&lt;--1948--&gt;,,,,
Loerch Implement Company,,Houston,MN,&lt;--1958-1973--&gt;,,,,
Strache Brothers,,Howard Lake,MN,&lt;--1927-1928--&gt;,,,,
Moorhead Implements / Moorhead Implement Company,,Howard Lake,MN,&lt;--1948-1958--&gt;,J,,,P? 6th Street between 11th and 12th Aves.
Koenig Hardware Company,,Howard Lake,MN,,,,,
Humboldt Lumber & Machine Company,,Humboldt,MN,&lt;--1945,,,,
A. E. Anderson,,Huntley,MN,&lt;--1948--&gt;,,,,
W. W. Sivright,,Hutchinson,MN,&lt;--1909--&gt;,,,,
Thompson Brothers,,Hutchinson,MN,&lt;--1914--&gt;,,,,
Langfitt & Company,,Hutchinson,MN,&lt;--1926--&gt;,,,,
Ramberg Implement Company,,Hutchinson,MN,&lt;--1944,,,,
Larson Farm Equipment,,Hutchinson,MN,&lt;--1948--&gt;,J,,,
"Beises, Inc.",,Hutchinson,MN,&lt;--1962-1964--&gt;,,,,
"Hutch Equipment, Inc.",Highway 7 East,Hutchinson,MN,&lt;--1967-1980--&gt;,,,,
Dahlmeier Bros.,,Ihlen,MN,,,,,
Thompson & Doyle,,International Falls,MN,&lt;--1947,,,,
"Thomson & Kendall, Inc.",,International Falls,MN,&lt;--1958--&gt;,,,,
Wherley Motor Sales,,International Falls,MN,&lt;--1962-1969--&gt;,,,,
Northern Lumber Company,12th Street & Highway 53,International Falls,MN,,,,,
Priebe Motor Company,,Inner Grove Heights,MN,&lt;--1967-1969--&gt;,,,,
Suburban Tractor Sales,Babcock Trail & Upper 55th Street E,Inner Grove Heights,MN,,,,,
Jas. Koob,,Iona,MN,&lt;--1912--&gt;,,,,
Iona Implement Company,,Iona,MN,&lt;--1947,,,,
Steinke Garage,,Ironton,MN,&lt;--1962-1973--&gt;,,,,
Mille Lacs Service Garage (Inc.),,Isle,MN,&lt;--1958-1969--&gt;,,,,
Harry Cherp Implement Company,,Ivanhoe,MN,&lt;--1948--&gt;,,,,
Leibfried Implement Company,,Ivanhoe,MN,,,,,
A. J. Watland Company,Highway 71 North,Jackson,MN,&lt;--1948-1984--&gt;,,,,
Konieski Bros.,,Janesville,MN,&lt;--1947-1948--&gt;,,,,
Arnold Implement Company,,Janesville,MN,&lt;--1957--&gt;,,,,
Arnold Implement Company,,Janesville,MN,&lt;--1971--&gt;,,,,
"Arnold Implement, Inc.",414 South Main Street,Janesville,MN,&lt;--1978-1984--&gt;,,,,
Jasper Implement Company,,Jasper,MN,&lt;--1948-1958--&gt;,,,,
A. E. Sykora,,Jeffers,MN,&lt;--1948-1984--&gt;,,,,
Max Winters,,Johnson,MN,&lt;--1948--&gt;,,,,
Fred Habegger,,Jordan,MN,&lt;--1915--&gt;,,,,
J. J. Stang,,Jordan,MN,&lt;--1948--&gt;,,,,
R. M. Jones,,Judson,MN,&lt;--1946,,,,
Holm Brothers,,Kandiyohi,MN,&lt;--1948--&gt;,,,,
C. L. Spangrud,,Karlstad,MN,&lt;--1944,,,,
Bruce Halldorson,,Karlstad,MN,&lt;--1948--&gt;,,,,
Karlstad Auto Parts,,Karlstad,MN,&lt;--1967-1974--&gt;,,,,
KAPCO Truck Equipment (Inc.),Highway 11 West,Karlstad,MN,&lt;--1976-1977--&gt;,,,,
D. W. Brewer,,Kasson,MN,&lt;--1915-1930--&gt;,,,,
Brewer Implement (Company),105 Mantorville Avenue S,Kasson,MN,&lt;--1948-1967--&gt;,J P,,,"44.028477, -92.748657"
Bishop & Wachholz Implement / Inc.,105 Mantorville Avenue S; 601 8th Street SE,Kasson,MN,&lt;--1969-1984--&gt;,P,Minnesota Ag Group,,"44.028477, -92.748657"
Skoe Implement Company,Highway 72,Kelliher,MN,&lt;--1958-1984--&gt;,,,,
Kellogg Implement Company,,Kellogg,MN,&lt;--1946,,,,
A. H. Kullander,,Kensington,MN,&lt;--1945,,,,
Skoglund Implement Company,,Kensington,MN,&lt;--1948-1950--&gt;,,,,
Skoglund & Anderson,,Kensington,MN,&lt;--1962-1969--&gt;,,,,
Kenyon Farmers' Mercantile & Elevator Company,Highway 56 North,Kenyon,MN,&lt;--1942-1984--&gt;,,,,
Johnson Machine Company,Atlantic Avenue,Kerkhoven,MN,&lt;--1948--&gt;,J P,,,"45.189660, -95.313450"
Williams Implement Company,,Kerkhoven,MN,&lt;--1955--&gt;,,,,
Kiester Implement Company / Inc.,,Kiester,MN,&lt;--1948-1984--&gt;,,,,
Dingmann Hardware,,Kimball,MN,&lt;--1948--&gt;,,,,
Jesse Markeson,,La Salle,MN,&lt;--1936-1956--&gt;,,,,
C. F. Bergquist & Company,,Lafayette,MN,&lt;--1930-1948--&gt;,,,,
Floyd W. Monahan / Monahan's,,Lake Benton,MN,&lt;--1948-1958--&gt;,,,,
Bronson Motors,,Lake Bronson,MN,&lt;--1948--&gt;,,,,
McKenzie Implement Company,,Lake City,MN,&lt;--1948-1958--&gt;,,,,
McKenzie Company,211 East Lyon Avenue,Lake City,MN,&lt;--1962-1973--&gt;,,,,
Kamas Implement (Company),,Lake Crystal,MN,&lt;--1958-1964--&gt;,,,,
E. A. Lindeman,,Lake Elmo,MN,&lt;--1915--&gt;,,,,
Leo Schneider,,Lake Elmo,MN,&lt;--1928--&gt;,,,,
M. J. Brookman,,Lake Elmo,MN,&lt;--1948--&gt;,J,,,P? @ 11144 Stillwater Blvd N
Brookman's,,Lake Elmo,MN,&lt;--1958--&gt;,,,,
Brookman Motor Sales,11144 Stillwater Avenue N,Lake Elmo,MN,&lt;--1962-1976--&gt;,,,,
Nordin Implements (Inc.),,Lake Lillian,MN,&lt;--1948--&gt;,,,,
Wohnoutka Implement,,Lake Lillian,MN,,,,,
Helgeson Motor Company,,Lake Mills,MN,,,,,
Hanson & Nannestad,,Lake Park,MN,&lt;--1944,,,,
Friese Implement (Company),,Lake Park,MN,&lt;--1948-1964--&gt;,,,,
Watland Implement Company,,Lakefield,MN,&lt;--1948-1955--&gt;,,,,
Lakeville Implement Company,,Lakeville,MN,&lt;--1948--&gt;,,,,
Theo. Waibel,,Lamberton,MN,&lt;--1920--&gt;,,,,
"Bellig & Johnson, Inc.",,Lamberton,MN,&lt;--1948-1964--&gt;,,,,
"W-M Company, Inc.",209 1st Avenue East,Lamberton,MN,&lt;--1978-1980--&gt;,,,,
Farmers Hardware Company,,Lancaster,MN,&lt;--1947,,,,
Swenson Implement Company,,Lancaster,MN,&lt;--1948--&gt;,,,,
Lancaster Implement & Supply Company,,Lancaster,MN,&lt;--1962-1969--&gt;,,,,
Eastman Implement Company,,Lanesboro,MN,,,,,
Lanesboro Grain Company,,Lanesboro,MN,,,,,
C. C. Matejcek,,Le Center,MN,&lt;--1948,,,,
Mangels Implement Company,,Le Center,MN,&lt;--1948--&gt;,,,,
John Kehoe,,Le Sueur,MN,&lt;--1921--&gt;,,,,
Paul Meyer,,Le Sueur,MN,&lt;--1948--&gt;,,,,
"Bohlke International, Inc.",,Le Sueur,MN,&lt;--1978-1982--&gt;,,,,
Frost & Meyer Implement Company,,Le Sueur,MN,,,,,
Elmer McRoberts,,LeRoy,MN,&lt;--1946,,,,
Oksanen & Seese,,LeRoy,MN,1946-1951,,,,
Ken Seese,,LeRoy,MN,1951--&gt;,,,,
Seese Farm Equipment,,LeRoy,MN,&lt;--1955-1958--&gt;,,,,
John Kehoe,,Le Sueur,MN,&lt;--1920--&gt;,,,,
Paul Meyer,,Le Sueur,MN,&lt;--1958-1970--&gt;,,,,
"Bohlke International, Inc.",Highway 169 North,Le Sueur,MN,&lt;--1980--&gt;,,,,
Beise Implement Company,,Lester Prairie,MN,&lt;--1948-1962--&gt;,,,,
Jenneke Oil Company,,Lester Prairie,MN,&lt;--1964-1969--&gt;,,,,
J. Custerman,,Lewiston,MN,&lt;--1909--&gt;,,,,
Yackel Implement Company,50 East Main Street,Lewiston,MN,&lt;--1948-1980--&gt;,,,,
"Lewiston Implement Company, Inc.",Highway 14 West,Lewiston,MN,&lt;--1984--&gt;,,,,
Roerig Hardware Company,,Lewisville,MN,&lt;--1946,,,,
Else Hardware Company,,Lewisville,MN,&lt;--1948--&gt;,,,,
Druck's Service,,Lewisville,MN,&lt;--1958--&gt;,,,,
Lindstrom Implement Store,,Lindstrom,MN,&lt;--1939--&gt;,,,,
Kaufman Lumber & Implement Company,,Lindstrom,MN,&lt;--1948-1958--&gt;,,,,
Nelson-Spelliscy Implement Company,,Litchfield,MN,&lt;--1912--&gt;,,,,
Nelson Implement Company,,Litchfield,MN,&lt;--1914-1915--&gt;,,,,
Weber Implement Company,,Litchfield,MN,&lt;--1948--&gt;,J,,,
Schwartzwald Motors,,Litchfield,MN,&lt;--1958-1969--&gt;,,,,
Arnold's of Litchfield (Inc.),,Litchfield,MN,&lt;--1978-1984--&gt;,,,,
Eich Brothers,,Little Falls,MN,&lt;--1948-1964--&gt;,,,,
F. A. Eich Motors,,Little Falls,MN,&lt;--1967-1969--&gt;,,,,
J. P. Eich Motors,32 Broadway E,Little Falls,MN,&lt;--1973-1974--&gt;,,,,
Bob Eix Implement,,Little Falls,MN,&lt;--1978-1980--&gt;,,,,
Olson's Store,,Littlefork,MN,&lt;--1921--&gt;,,,,
E. E. Polkinghorne & Son,,Littlefork,MN,&lt;--1948--&gt;,,,,
S. H. Haldorson,,London,MN,&lt;--1946,,,,
Lerud Farm Equipment,,London,MN,&lt;--1948-1961--&gt;,,,,
E. E. Polkinghorne & Son(s),,Littlefork,MN,&lt;--1958-1969--&gt;,,,,
Bliese & Bokinskie,,Long Prairie,MN,&lt;--1948--&gt;,,,,
Neuman Motor Company,,Long Prairie,MN,&lt;--1958-1969--&gt;,,,,
Drevlow Implement Company,,Long Prairie,MN,&lt;--1961-1964--&gt;,,,,
"Junak Implement, Inc.",,Long Prairie,MN,&lt;--1978-1980--&gt;,,,,
Longville Garage,,Longville,MN,&lt;--1948-1976--&gt;,,,,
Ray Tabaka,,Longville,MN,&lt;--1958-1969--&gt;,,,,
Nohava Hardware & Implement Company,,Lonsdale,MN,&lt;--1948--&gt;,,,,
Joe Klares,,Loretta,MN,&lt;--1944,,,,
Stromsvold & Stensrud,,Louisburg,MN,&lt;--1946,,,,
Letrud Implement & Motor Company,,Louisburg,MN,&lt;--1948--&gt;,,,,
J. J. Hagstrom,,Lowry,MN,&lt;--1919-1923--&gt;,,,,
John J. Hagstrom & Son,,Lowry,MN,&lt;--1948--&gt;,,,,
Elwood Shackelford,,Luverne,MN,&lt;--1948--&gt;,,,,
Luverne Implement & Auto,,Luverne,MN,&lt;--1950--&gt;,,,,
"Johnson & Olson, Inc.",,Luverne,MN,&lt;--1955-1958--&gt;,,,,
Mark Jacobsen (Inc.),121 South McKenzie Street; 410 West Koehn Avenue,Luverne,MN,&lt;--1959-2012--&gt;,,Jaycox,,
Bussman Brothers,,Lydia,MN,&lt;--1935-1947,,,,
Dahl's Hardware,,Lyle,MN,&lt;--1948-1955--&gt;,,,,
H. R. Dahl,,Mabel,MN,&lt;--1945,,,,
Adam Fron,,Mabel,MN,&lt;--1946,,,,
Johnson Implement Company,,Mabel,MN,&lt;--1948--&gt;,,,,
Bernatz Implement Company,,Mabel,MN,&lt;--1958--&gt;,,,,
"Mabel Farm Equipment, Inc.",,Mabel,MN,&lt;--1966-1984--&gt;,,,,
James Hardware Company,,Madelia,MN,&lt;--1925--&gt;,,,,
Sebo Implement Company,,Madelia,MN,&lt;--1948-1960--&gt;,,,,
George Allen,,Madelia,MN,&lt;--1958--&gt;,,,,
Breckenridge Garage,21 Eager Avenue NE,Madelia,MN,&lt;--1967-1976--&gt;,,,,
McCormick-Deering Store,,Madison,MN,&lt;--1940--&gt;,,,,
Larsen & Son,,Madison,MN,&lt;--1958-1969--&gt;,,,,
Larsen's,Highway 75 South,Madison,MN,&lt;--1978-1984--&gt;,,,,
Larsen & Poula,,Madison,MN,,,,,
L. Fitcher,,Madison Lake,MN,&lt;--1948,,,,
J. N. Johnson,,Mahnomen,MN,&lt;--1922--&gt;,,,,
Kaisers,,Mahnomen,MN,&lt;--1948--&gt;,,,,
Wild Rice Motor Company / Wild Rice Motors,South Main Street & Lincoln Avenue,Mahnomen,MN,&lt;--1958-1974--&gt;,,,,
Kelm & Graff,,Mankato,MN,&lt;--1919-1920--&gt;,,,,
McCormick-Deering Store,426-430 North Front Street,Mankato,MN,&lt;--1940--&gt;,,,,"H. H. Toews, Manager"
International Harvester Company,266 North 2nd Street,Mankato,MN,&lt;--1958-1969--&gt;,,,,
Toews-Mehr Implement Company,1221 North Front Street; 426 North Front Street,Mankato,MN,&lt;--1948-1970--&gt;,J,,,
"Doris International, Inc.",266 North 2nd Street,Mankato,MN,&lt;--1973-1980--&gt;,,,,
"Booher's, Inc.",Highway 14 West & County Road 13,Mankato,MN,&lt;--1975--&gt;,,,,
"Chesley International Trucks, Inc.",301 Cleveland Avenue; 2300 3rd Avenue,Mankato,MN,&lt;--1984-1990--&gt;,,,,
Peterson Feed & Implement Company,,Maple Lake,MN,&lt;--1930-1947,,,,
Robasse Implement Company,,Maple Lake,MN,&lt;--1948--&gt;,,,,
O. Styner & Son,,Maple Plaine,MN,&lt;--1938-1947,,,,
W. L. Dobie,,Mapleton,MN,&lt;--1921--&gt;,,,,
Borchert Hardware Company,,Mapleton,MN,&lt;--1946,,,,
"Adam Fron Implement Company / Adam Fron Hardware & Implements, Inc.",,Mapleton,MN,&lt;--1948-1979,,,,
Marietta Implement Company,,Marietta,MN,&lt;--1948-1980--&gt;,,,,
J. C. Woodruff,,Marshall,MN,&lt;--1923--&gt;,,,,
Smith & Bisbee,,Marshall,MN,&lt;--1925--&gt;,,,,
Knudson International (Inc.),East College Drive; North Highway 23,Marshall,MN,&lt;--1973-1979--&gt;,,,,
"Boerboom International, Inc.",North Highway 23,Marshall,MN,&lt;--1980-1984--&gt;,,,,
Geo. Volkenant,,Mayer,MN,&lt;--1944,,,,
North End Motors,,Mayer,MN,&lt;--1958--&gt;,,,,
L. Esselman,,Mayhew Lake,MN,&lt;--1948--&gt;,,,,
Peterson & Erickson,,Maynard,MN,&lt;--1915--&gt;,,,,
Gibson Hardware & Implement,,Maynard,MN,&lt;--1948--&gt;,,,,
Mazeppa Hardware & Implement Company,,Mazeppa,MN,&lt;--1948--&gt;,,,,
J. B. Firminhac,,McGrath,MN,&lt;--1948--&gt;,,,,
Albert Rasmussen,,McIntosh,MN,&lt;--1948--&gt;,,,,
Kaupang Implement,,McIntosh,MN,&lt;--1962--&gt;,,,,
Stanley Brekke,,McIntosh,MN,&lt;--1964-1980--&gt;,,,,
Paul Sramek,,Meadowlands,MN,&lt;--1948-1964--&gt;,,,,
Jos. Primus & Son,,Melrose,MN,&lt;--1913--&gt;,,,,
Gebeke Sales & Service,307 South 3rd Avenue West,Melrose,MN,&lt;--1967-1976--&gt;,,,,
Hepokoski Hardware,,Menahga,MN,&lt;--1946,,,,
O. M. Groven,,Mentor,MN,&lt;--1948,,,,
Ramberg Bros. Implement,,Mentor,MN,&lt;--1948--&gt;,,,,
Henry Young,,Middle River,MN,&lt;--1947,,,,
Walton's Garage / Walton's (Inc.),,Middle River,MN,&lt;--1962-1984--&gt;,,,,
Hornquist Motor & Implement Company,,Milaca,MN,&lt;--1947-1948--&gt;,,,,
Marudas Motor Sales,,Milaca,MN,&lt;--1958--&gt;,,,,
Millam Implement Company,235 2nd Street SW,Milaca,MN,&lt;--1969-1979,,,,
"Rum River Agriculture, Inc.",235 2nd Street SW,Milaca,MN,1979-1980--&gt;,,,,
Anderson Implement Company,,Milan,MN,&lt;--1926--&gt;,,,,
Anderson Lumber & Implement Company,,Milan,MN,&lt;--1940-1948--&gt;,,,,
Anderson Implement Company,,Milan,MN,&lt;--1958--&gt;,,,,
Springer & Pretzer,,Millville,MN,&lt;--1948--&gt;,,,,
Thorman W. Rosholt (Company),,Minneapolis,MN,&lt;--1930-1936--&gt;,,,,
T. W. Rosholt Company,,Minneapolis,MN,&lt;--1939--&gt;,,,,
Rosholt Equipment Company,3138 Snelling Avenue,Minneapolis,MN,&lt;--1954--&gt;,,,,
International Harvester Company,750 North 4th Street,Minneapolis,MN,&lt;--1958--&gt;,,,,
International Harvester Company,2723 (2727) University Avenue SE,Minneapolis,MN,&lt;--1958-1969--&gt;,,,,
International Harvester Company ~ Truck Branch,3000 Broadway Street NE,Minneapolis,MN,&lt;--1973-1980--&gt;,,,,
"North Star International Trucks, Inc.",3000 Broadway Street NE,Minneapolis,MN,&lt;--1984-1990--&gt;,,Astleford Int'l,,
"Hall Equipment, Inc.",2360 Highway 100 South,Minneapolis,MN,&lt;--1967-1969--&gt;,,,,
International Harvester Used Truck Center,720 Hoover Street NE,Minneapolis,MN,&lt;--1980--&gt;,,,,
Phillippi Equipment Company,2360 Highway 100,Minneapolis,MN,,,,,
V. V. Gislason Hardware & Implement (Company),,Minneota,MN,&lt;--1948-1968--&gt;,,,,
Putz Bros. Garage / Putz Bros.,,Minnesota Lake,MN,&lt;--1930-1955--&gt;,,,,
"Morrie's Imports, Inc.",12520 Wayzata Blvd.,Minnetonka,MN,&lt;--1977--&gt;,,,,
Erickson Motor Company,,Monterey (Trimont),MN,&lt;--1958--&gt;,,,,
Campbell Implement Company,,Montevideo,MN,&lt;--1920-1927--&gt;,,,,
Alvig Motor Sales,,Montevideo,MN,&lt;--1948--&gt;,,,,
Flinn's,,Montevideo,MN,&lt;--1958--&gt;,,,,
"Larson Brothers, Inc.",,Montevideo,MN,&lt;--1962-1969--&gt;,,,,
"Dean Rhodes, Inc.",Highway 212 West,Montevideo,MN,&lt;--1968--&gt;,,,,
"Moon International, Inc.",Highway 7 East,Montevideo,MN,&lt;--1978-1984--&gt;,,,,
Pany Hardware Company,,Montgomery,MN,&lt;--1931-1948--&gt;,,,,
Peterson Feed & Implement Company,,Monticello,MN,&lt;--1930-1931--&gt;,,,,
Peterson Implement Company,,Monticello,MN,&lt;--1948--&gt;,J,,,
Hoglund Bus Company,South Highway 25; Highway 25 & I-94; 116 East Oakwood Drive,Monticello,MN,1956-2015--&gt;,,,,
Baker Implement,,Monticello,MN,,,,,
Wright Hardware Company,,Moorhead,MN,&lt;--1930--&gt;,,,,
Anderson-Stadum Pontiac Company,,Moorhead,MN,&lt;--1958--&gt;,,,,
Anderson Pontiac Company (Inc.),Center Avenue,Moorhead,MN,&lt;--1961-1976--&gt;,,,,
"Anderson Pontiac-GMC, Inc.",1313 30th Avenue S,Moorhead,MN,&lt;--1977-1980--&gt;,,,,
Kroeber Equipment Company,I-94 & Highway 75 South,Moorhead,MN,,,,,
Phillippi Equipment Company,,Moorhead,MN,,,,,
Ellefsons Farm Store,,Moose Lake,MN,&lt;--1948--&gt;,,,,
Macs Service & Repair,,Moose Lake,MN,&lt;--1962-1967--&gt;,,,,
Kanabec Hardware Company,,Mora,MN,&lt;--1948,,,,
Loken & Larson,,Mora,MN,&lt;--1948--&gt;,,,,
Tinker & Johnson,,Mora,MN,&lt;--1958--&gt;,,,,
Anderman Motor (Company),755 South Highway 65,Mora,MN,&lt;--1962-1974--&gt;,,,,
Morgan Implement Company,,Morgan,MN,&lt;--1926-1953--&gt;,,,,
Harold & Louie's Standard Service,,Morgan,MN,&lt;--1958-1962--&gt;,,,,
J. L. Hockert,,Morris,MN,&lt;--1922--&gt;,,,,
Hockert & Noonan,,Morris,MN,&lt;--1948-1958--&gt;,,,,
Olson Implement & Supply,Highway 28 West,Morris,MN,&lt;--1966--&gt;,,,,
"Olson Supply, Inc",Highway 28 West,Morris,MN,&lt;--1978-1984--&gt;,,,,
Fuhrman Buick,Highway 9 South,Morris,MN,&lt;--1962-1977--&gt;,,,,
"Fuhrman Motors, Inc.",Highway 9 South,Morris,MN,&lt;--1979-1984--&gt;,,,,
Stimmler Implement,,Morris,MN,,,,,
V. S. Komulainen,,Mountain Iron,MN,&lt;--1939-1946,,,,
Thiessen Implement Company,,Mountain Lake,MN,&lt;--1948-1958--&gt;,,,,
Johnston Chevrolet Company,,Nashwauk,MN,&lt;--1948--&gt;,,,,
Podominick Service,,Nashwauk,MN,&lt;--1958-1962--&gt;,,,,
Raymond Bunting,,Nassau,MN,&lt;--1948,,,,
Larson Hardware Company,,Nerstrand,MN,&lt;--1948--&gt;,,,,
O. F. Bielke,,New Auburn,MN,&lt;--1933--&gt;,,,,
Rivers Garage,,New Auburn,MN,&lt;--1937--&gt;,,,,
Al Rivers Implement Company,,New Auburn,MN,&lt;--1940-1948--&gt;,,,,
Paron Motors,1561 Highway 8,New Brighton,MN,&lt;--1958-1979--&gt;,,,,
Holm Brothers,,New London,MN,&lt;--1948--&gt;,,,,
P. J. Welter,,New Market,MN,&lt;--1914--&gt;,,,,
Mamer & Deutsch,,New Prague,MN,&lt;--1914-1916--&gt;,,,,
Vanasek Hardware,,New Prague,MN,&lt;--1945-1947,,,,
H. W. Implement Company,,New Prague,MN,&lt;--1948--&gt;,,,,
H & W Equipment Company,Highway 13-21 South; 500 4th Avenue Southwest,New Prague,MN,&lt;--1958-1984--&gt;,,,,No longer a CIH dealer.
J. A. Christianson,,New Richland,MN,&lt;--1922--&gt;,,,,
Boie Implement Company,,New Richland,MN,&lt;--1948-1962--&gt;,,,,
"Budach Implement, Inc.",219 NE 3rd Street,New Richland,MN,&lt;--1978-1984--&gt;,,,,No longer a CIH dealer.
Byron Implement Company,,New Richland,MN,,,,,
Robert Fesenmaier (Inc.),11 Minnesota Street,New Ulm,MN,&lt;--1926-1963--&gt;,,,,
Budahn's International Garage (Inc.) / Budahn Garage,1800 North State Street,New Ulm,MN,&lt;--1962-1985--&gt;,,,,
"Brown County Implement, Inc.",Junction Highways 15 & 68 South,New Ulm,MN,&lt;--1978-1984--&gt;,,,,
Piilola Kela Mattson Company,,New York Mills,MN,&lt;--1948--&gt;,,,,
P-K-M & Company,,New York Mills,MN,&lt;--1958--&gt;,,,,
Hi-Way Auto & Implement Company,,New York Mills,MN,&lt;--1962-1973--&gt;,,,,
Newfolden Machine Company,,Newfolden,MN,&lt;--1948--&gt;,,,,
Roxin Implement Company,,Nicollet,MN,&lt;--1948--&gt;,,,,
Anthony Implements,RFD St. Peter,Norseland,MN,&lt;--1936-1949--&gt;,,,,
Collins Implement Company,,North Branch,MN,&lt;--1917--&gt;,,,,
Collins & Swanson,,North Branch,MN,&lt;--1946,,,,
McCann Implement Company,,North Branch,MN,&lt;--1948-1958--&gt;,,,,
"Booher's, Inc.",1717 Howard Drive,North Mankato,MN,&lt;--1976-1980--&gt;,,Arnolds,,
Northfield Implement Company,,Northfield,MN,&lt;--1948-1969--&gt;,,,,
Miller Motor & Implement Company,Highway 3 South,Northfield,MN,&lt;--1973-1980--&gt;,,,,
Anthony Implement Company,,Northome,MN,&lt;--1942--&gt;,,,,
La Brie Implement Company,,Northome,MN,&lt;--1948-1958--&gt;,,,,
Roehning Implement Company,,Northome,MN,&lt;--1962-1964--&gt;,,,,
Northrup Implement Company,,Northrup,MN,&lt;--1948--&gt;,,,,
"Greenberg Implement, Inc. / Greenbergs, Inc.",19745 Nowthen Blvd. NW,Nowthen,MN,&lt;--1978-2009--&gt;,,,,
J. C. Ruthenbeck & Son,,Okabena,MN,&lt;--1946,,,,
Ray Ahrens Implement (Company),,Okabena,MN,&lt;--1948-1970--&gt;,,,,
Kenny Ellis,,Oklee,MN,&lt;--1948--&gt;,,,,
Ferge's Garage,,Olivia,MN,&lt;--1948--&gt;,J,,,
Ferge's,,Olivia,MN,&lt;--1956-1960--&gt;,,,,
Bostrom Garage,,Onamia,MN,&lt;--1948-1958--&gt;,,,,
Bialka Brothers,,Opole,MN,&lt;--1946,,,,
H. M. Vagstad,,Ormsby,MN,&lt;--1921--&gt;,,,,
Ormsby Farmers Grain Company,,Ormsby,MN,&lt;--1948-1964--&gt;,,,,
Lammis,,Orr,MN,,,,,
Ortonville Implement Company,,Ortonville,MN,&lt;--1926--&gt;,,,,
A. K. Evans & Company,,Ortonville,MN,&lt;--1938--&gt;,,,,
Ortonville Equipment Company,,Ortonville,MN,&lt;--1948--&gt;,,,,
Schaffer Implement Company,,Ortonville,MN,&lt;--1958-1964--&gt;,,,,
"Vic Hoffman & Son, Inc.",,Ortonville,MN,&lt;--1967-1969--&gt;,,,,
Davis Implement Company,,Ortonville,MN,,,,,
Brown Bros. Implement (Company),,Osakis,MN,&lt;--1940-1946,,,,
Nelson Implement,,Osakis,MN,&lt;--1948--&gt;,,,,
Shrode Equipment,,Osakis,MN,&lt;--1964-1976--&gt;,,,,
Heinen Mercantile Company,,Osseo,MN,&lt;--1948--&gt;,,,,
Heinen Hardware & Implement Company,,Osseo,MN,&lt;--1958-1962--&gt;,,,,
Hadland & Osterud (Inc.),Main Street,Ostrander,MN,&lt;--1948-1984--&gt;,,,,
Buxton & McClintock,,Owatonna,MN,1902-1911--&gt;,,,,
Virtue & Pound Company,223 North Cedar Avenue,Owatonna,MN,&lt;--1942-1948--&gt;,,,,
Service Garage,,Owatonna,MN,&lt;--1958-1964--&gt;,,,,
Reinhardt Motors,,Owatonna,MN,&lt;--1967-1969--&gt;,,,,
Steele County Implement Company,2010 South Cedar Avenue,Owatonna,MN,&lt;--1970-1984--&gt;,,,,
Wilkins Bros.,,Park Rapids,MN,&lt;--1915--&gt;,,,,
McFarren Implement Company,,Park Rapids,MN,&lt;--1948-1958--&gt;,,,,
McFarren's (Inc.),403 Main Avenue S,Park Rapids,MN,&lt;--1962-1980--&gt;,,,,
C. W. Howe,,Parkers Prairie,MN,&lt;--1948,,,,
Bergquist Implement,,Parkers Prairie,MN,&lt;--1948--&gt;,,,,
Farmers Co-op Association,,Paynesville,MN,&lt;--1948--&gt;,,,,
Paynesville Motor Company,311 Minnie Street,Paynesville,MN,&lt;--1958-1973--&gt;,,,,
Torborg Equipment Company,27542 Highway 23,Paynesville,MN,&lt;--1964-1984--&gt;,,,,No longer a CIH dealer. IH parts from salvage.
Farmers Corporation,,Paynesville,MN,,,,,
Ed. Thurnau,,Pelican Rapids,MN,&lt;--1912-1914--&gt;,,,,
Uhlenkott & Schoener,,Pelican Rapids,MN,&lt;--1925--&gt;,,,,
Hans J. Thorstensen,,Pelican Rapids,MN,&lt;--1932--&gt;,,,,
McDunn Farm Store,,Pelican Rapids,MN,&lt;--1948--&gt;,,,,
Gerald Evenson / Gerald N. Evenson (Inc.),835 1st Street SW; Highway 59 South,Pelican Rapids,MN,&lt;--1964-2014--&gt;,,,,
Co-op Creamery Association,,Pequot Lakes,MN,&lt;--1947,,,,
A. Marckel,,Perham,MN,1902-1912--&gt;,,,,
Mattfeld & Jahn,,Perham,MN,&lt;--1922--&gt;,,,,
Lehmkuhl & Jahn,,Perham,MN,&lt;--1931-1946,,,,
Perham Farm Supply Company / Inc.,157 2nd Avenue SW,Perham,MN,1946-1995--&gt;,J  P,,,
Lee Hardware & Implement Company,,Perley,MN,&lt;--1948-1950--&gt;,,,,
Hoganson & Larson,,Perley,MN,,,,,
Pierz Implement Company,,Pierz,MN,&lt;--1948,,,,
Seelen Bros.,,Pierz,MN,&lt;--1948--&gt;,,,,
Gilbride Motors,,Pierz,MN,&lt;--1962--&gt;,,,,
P. H. Sorg,,Pillager,MN,&lt;--1945,,,,
W. A. Sauser,,Pine City,MN,&lt;--1948--&gt;,,,,
Midway Nash Motors,,Pine City,MN,&lt;--1958--&gt;,,,,
Midway Rambler,,Pine City,MN,&lt;--1962-1964--&gt;,,,,
"Benson AMC Jeep, Inc.",805 6th Street,Pine City,MN,&lt;--1979-1980--&gt;,,,,
Mott Implement Company,,Pine Island,MN,&lt;--1948--&gt;,,,,
Sherwood Houston,,Pine River,MN,&lt;--1948--&gt;,,,,
Kipp Farm Equipment Company,North Hiawatha Avenue & 2nd Street NE,Pipestone,MN,&lt;--1948-1949--&gt;,,,,
Gordon Ahrendt Implement (Company),,Pipestone,MN,&lt;--1958-1969--&gt;,,,,
Jack Farrell Implement Company,Highway 30 East; Highway 75 South,Pipestone,MN,&lt;--1973-1984--&gt;,,Titan Machinery,,
Julius Boehlke,,Plainview,MN,&lt;--1927--&gt;,,,,
"Schultz Implement Company, Inc.",412 West Broadway,Plainview,MN,&lt;--1948-1984--&gt;,P,,,"44.165190, -92.171770"
T. F. Miller,,Plato,MN,&lt;--1913--&gt;,,,,
Plato Garage,,Plato,MN,&lt;--1948--&gt;,,,,
P. E. Schoenauer,,Plummer,MN,&lt;--1948--&gt;,,,,
Le Roy Thompson Implement,,Porter,MN,&lt;--1948--&gt;,,,,
M. C. Eischen & Son,,Preston,MN,&lt;--1944,,,,
Preston Implement Company,,Preston,MN,&lt;--1948--&gt;,,,,
Hall Implement Company,,Princeton,MN,&lt;--1948-1958--&gt;,,,,
Gerdin Sales & Service,,Princeton,MN,&lt;--1964-1969--&gt;,,,,
Prior Lake Farm Store,,Prior Lake,MN,&lt;--1958--&gt;,,,,
Brendegen's Sales & Service,,Proctor,MN,&lt;--1958-1969--&gt;,,,,
Glenn W. Jahns / Glenn Jahns Implement,,Racine,MN,&lt;--1948-1958--&gt;,J,,,
Racine Implement Company,,Racine,MN,&lt;--1962-1975--&gt;,,,,
Mulder & Louters Company,,Raymond,MN,&lt;--1948--&gt;,,,,
John N. Helm,,Red Lake Falls,MN,&lt;--1940--&gt;,,,,
Frank J. Helm,,Red Lake Falls,MN,&lt;--1947,,,,
Helm Implement,,Red Lake Falls,MN,&lt;--1948--&gt;,,,,
Schantzen Motors,,Red Lake Falls,MN,&lt;--1969--&gt;,,,,
"Tomfohr Implement Company, Inc.",231 Bluff Street,Red Wing,MN,&lt;--1948-1964--&gt;,J  P,,,"44.567602, -92.531010"
"Lawrence Motors, Inc.",Highway 61 West; 3154 North Service Drive,Red Wing,MN,&lt;--1967-1990--&gt;,,,,
Sebo Implement Company,,Redwood Falls,MN,&lt;--1926--&gt;,,,,
Gluth Implement Company,826 East Bridge Street,Redwood Falls,MN,&lt;--1948--&gt;,J  P,,,"44.541050, -95.106530"
Hopfenspirger-Schoffman (Implement) (Inc.),826 East Bridge Street,Redwood Falls,MN,&lt;--1960-1980--&gt;,P,,,"44.541050, -95.106530"
"Schoffman's, Inc.",826 East Bridge Street,Redwood Falls,MN,&lt;--1984--&gt;,P,,,"44.541050, -95.106530"
Heins & Company,,Renville,MN,&lt;--1909--&gt;,,,,
Klaus Mulder,,Renville,MN,&lt;--1940--&gt;,,,,
Renville Implement Company,,Renville,MN,&lt;--1947-1948--&gt;,,,,
"Fuller & Fischer, Inc.",,Renville,MN,&lt;--1958-1964--&gt;,,,,
"Fullers, Inc.",405 Park Avenue W,Renville,MN,&lt;--1967-1984--&gt;,,,,
J. N. Kremer & Company,,Rice,MN,&lt;--1922--&gt;,,,,
Fromelt Implement Company,,Rice,MN,&lt;--1948-1980--&gt;,J,,,
Gerhardt Implement Company,,Richfield,MN,&lt;--1945,,,,
Astleford Equipment Company (Inc.),400 West 78th Street,Richfield,MN,&lt;--1948-1985--&gt;,J,,,Heavily modified?
Meyer & Frank,,Richmond,MN,&lt;--1915--&gt;,,,,
Straus Implement Company,,Richmond,MN,&lt;--1948--&gt;,,,,
"Crystal Motors, Inc.",,Robbinsdale,MN,&lt;--1958-1964--&gt;,,,,
H. O. Lester,,Rochester,MN,1926--&gt;,,,,
McCormick-Deering Store,,Rochester,MN,&lt;--1944,,,,
Allen-Lloyd Company,,Rochester,MN,&lt;--1948-1958--&gt;,,,,
Rochester International Sales,,Rochester,MN,&lt;--1962-1964--&gt;,,,,
Selby Truck Sales,1825 7th Street NW,Rochester,MN,&lt;--1967-1974--&gt;,,,,
"Adamson Motors, Inc.",1825 7th Street NW; 4800 Highway 52 North,Rochester,MN,&lt;--1976-1980--&gt;,,,,
Ace Truck & Equipment Company,2729 Whynaught Court SE,Rochester,MN,&lt;--1984-1985--&gt;,,,,
"Dallas Truck Centers, Inc.",2729 Whynaught Court SE,Rochester,MN,&lt;--1990--&gt;,,Interstate,,
Rockford Hardware Company,,Rockford,MN,&lt;--1916--&gt;,,,,
Heinen Mercantile Company,12820 Main Street,Rodgers,MN,&lt;--1948-1984--&gt;,,,,
Rose Creek Farm Service,,Rose Creek,MN,&lt;--1946,,,,
Archie R. Lee,,Roseau,MN,&lt;--1936-1947,,,,
Carl J. Wahlberg,,Roseau,MN,&lt;--1948--&gt;,,,,
Dicks Texaco,,Roseau,MN,&lt;--1967--&gt;,,,,
Roseau Diesel Service,112 2nd Avenue SW,Roseau,MN,&lt;--1973--&gt;,,,,
Rechtzigel Implement & Motor Company,,Rosemount,MN,&lt;--1935-1947,,,,
Wilroy Company (Inc.),,Rosemount,MN,&lt;--1948-1958--&gt;,,,,
Burgett Implement Company,,Rothsay,MN,&lt;--1948-1949--&gt;,,,,
Charley-Holman Equipment Company,,Rothsay,MN,&lt;--1958--&gt;,,,,
C. M. Jorve,,Rothsay,MN,,,,,
Odegaard Feed & Implement Company,,Rush City,MN,&lt;--1948--&gt;,J,,,
Odegaard Buick & Implement Company,,Rush City,MN,&lt;--1958--&gt;,,,,
John Eggen & Son,,Rushford,MN,&lt;--1919--&gt;,,,,
Miller Truck & Implement Company,,Rushford,MN,&lt;--1948-1962--&gt;,,,,
Rushford Implement Company,,Rushford,MN,,,,,
Louis Lietz,,Rushmore,MN,&lt;--1948-1962--&gt;,,,,
Brinkmeyer Auto & Implement Company,,Russell,MN,&lt;--1948--&gt;,,,,
Nelson Implement Company,,Ruthton,MN,&lt;--1948-1958--&gt;,,,,
Ristvedt Bros.,,Sacred Heart,MN,&lt;--1909--&gt;,,,,
P. N. Romness & Sons,,Sacred Heart,MN,&lt;--1925--&gt;,,,,
Romness Brothers,,Sacred Heart,MN,&lt;--1948--&gt;,,,,
Fox Bros. Garage,,Sanborn,MN,&lt;--1958-1964--&gt;,,,,
Hutter Motor Sales,,Sandstone,MN,&lt;--1958--&gt;,,,,
J. J. Smith Implement Company,,Sauk Centre,MN,&lt;--1948--&gt;,,,,
Rondestvedt Farm Equipment,,Sauk Centre,MN,&lt;--1958--&gt;,,,,
Gebeke Sales & Service,Highway 71 North,Sauk Centre,MN,&lt;--1962-1964--&gt;,,,,
Farmers Co-op Elevator,,Sauk Centre,MN,&lt;--1978-1980--&gt;,,,,
Andy's Standard Service,,Sauk Rapids,MN,&lt;--1958-1969--&gt;,,,,
Hall Equipment,600 West Highway 13,Savage,MN,&lt;--1973-1976--&gt;,,,,
International Harvester Company ~ Payline Branch,5633 West Highway 13,Savage,MN,&lt;--1979-1980--&gt;,,,,
International Harvester Used Truck Center,5633 West Highway 13,Savage,MN,&lt;--1980-1983--&gt;,,,,
Sebeka Co-op Association,,Sebeka,MN,&lt;--1948-1960--&gt;,,,,
Wm. C. Sarkela,,Sebeka,MN,&lt;--1958-1969--&gt;,,,,
Wm. F. Marschall & Son,,Shakopee,MN,&lt;--1948--&gt;,,,,
Malme Hardware & Implement Company,,Shelly,MN,&lt;--1948-1952--&gt;,,,,
Beyers Hardware & Implement Company,,Shelly,MN,&lt;--1958--&gt;,,,,
Efteland & Hanson,,Shelly,MN,,,,,
Walter Hansen,,Sherburn,MN,&lt;--1948--&gt;,,,,
Wiese Implement Company,,Slayton,MN,&lt;--1945,M,,,
Hovis Implement Company,,Slayton,MN,1945--&gt;,J,,,
McNeil Implement,,Slayton,MN,&lt;--1958--&gt;,,,,
Slayton International (Inc.),Maple Avenue & Highway 30,Slayton,MN,&lt;--1967-1984--&gt;,,,,
Kelm & Schmidt,,Sleepy Eye,MN,&lt;--1926--&gt;,,,,
Renneke Company,237 West Main Street,Sleepy Eye,MN,&lt;--1948--&gt;,,,,
Evenson Bros.,,Sleepy Grove,MN,&lt;--1948--&gt;,,,,
Priebe Motor Company,,South St. Paul,MN,&lt;--1958-1964--&gt;,,,,
Allan Halvorson,,Spicer,MN,&lt;--1942--&gt;,,,,
"Halvorson & Company (Inc.) / Halvorson Company, Inc.",138 Lake Avenue North,Spicer,MN,&lt;--1948-1990--&gt;,,,,Truck parts only (and appliances).
Valley Truck & Implement Company,,Spring Valley,MN,&lt;--1948--&gt;,,,,
Bradt Implement Company,,Spring Valley,MN,,,,,
Springfield Implement Company,,Springfield,MN,&lt;--1925-1932--&gt;,,,,
Schilling's (Implement Department),,Springfield,MN,&lt;--1948--&gt;,,,,
Schilling Implement Company,,Springfield,MN,&lt;--1958-1970--&gt;,,,,
Cullen's Garage,,Springfield,MN,&lt;--1958--&gt;,,,,
Steenhovens,,Springfield,MN,&lt;--1978-1980--&gt;,,,,
Evenson Brothers,,Spring Grove,MN,&lt;--1958--&gt;,,,,
Grove Sales & Service,,Spring Grove,MN,&lt;--1962-1969--&gt;,,,,
Leino's Grocery,,Squaw Lake,MN,,,,,
F. J. Forestell,,St. Charles,MN,&lt;--1917--&gt;,,,,
"Schultz Implement Company, Inc.",1249 Whitewater Avenue,St. Charles,MN,&lt;--1948-1984--&gt;,P,,,"43.966530, -92.064750"
Patterson Quarries (Inc.),,St. Charles,MN,&lt;--1958-1969--&gt;,,,,
Patterson Truck Sales,,St. Charles,MN,&lt;--1973--&gt;,,,,
E. F. Hager,,St. Clair,MN,&lt;--1948--&gt;,,,,
St. Cloud Implement Company,,St. Cloud,MN,&lt;--1948--&gt;,,,,
Arnold G. Soltis,,St. Cloud,MN,&lt;--1949--&gt;,,,,
Arnold Equipment Company,28 NE 6th Avenue,St. Cloud,MN,&lt;--1965--&gt;,P,,,"45.567760, -94.146280"
"Arnold's Equipment, Inc.",Highway 23 East,St. Cloud,MN,&lt;--1978-1984--&gt;,,,,
International Harvester Company,102-112 6th Avenue North,St. Cloud,MN,&lt;--1922--&gt;,,,,
International Harvester Company,536 East St. Germain Street,St. Cloud,MN,&lt;--1946-1969--&gt;,,,,
A. Gatterberg,,St. Hilaire,MN,&lt;--1947,,,,
Nelson & Berge Implement Company,,St. James,MN,&lt;--1948--&gt;,,,,
Malmgren Brothers Implement Company,,St. James,MN,&lt;--1958--&gt;,,,,
Malmgren Implement,,St. James,MN,&lt;--1978-1984--&gt;,,,,
Hovde Motor Company,,St. James,MN,&lt;--1964-1969--&gt;,,,,
"Holand Motors, Inc.",,St. Louis Park,MN,&lt;--1958-1969--&gt;,,,,
Rothstein Implement Company,,St. Martin,MN,&lt;--1948--&gt;,,,,
"Rothstein Implements, Inc.",160 Maine Street,St. Martin,MN,&lt;--1958-1984--&gt;,,,,
H. W. Dick,,St. Michael,MN,&lt;--1919--&gt;,,,,
Welter Implement Company,,St. Michael,MN,&lt;--1948-1962--&gt;,,,,
"Welters, Inc.",19 Main Street S,St. Michael,MN,&lt;--1967-1984--&gt;,,,,
"Geiger Company, Inc",26-28 East Chicago Avenue,St. Paul,MN,&lt;--1948-1952--&gt;,,,,
"C. P. Casperson, Inc.",,St. Paul,MN,&lt;--1958--&gt;,,,,
"Geiger Company, Inc.",,St. Paul,MN,&lt;--1958--&gt;,,,,
Gladstone Service,,St. Paul,MN,&lt;--1958--&gt;,,,,
Central Warehouse Garage,,St. Paul,MN,&lt;--1958-1962--&gt;,,,,
"Quigley Motor Sales, Inc.",,St. Paul,MN,&lt;--1962-1964--&gt;,,,,
"A & M Industrial Tractor, Inc.",2489 Franklin Avenue,St. Paul,MN,&lt;--1978--&gt;,,,,
"Fox Brothers, Inc.",740 North Concord Street,St. Paul,MN,,,,,
International Harvester Company,2572 University Avenue,St. Paul,MN,&lt;--1946-1961--&gt;,,,,
International Harvester Company,215 University Avenue,St. Paul,MN,&lt;--1958--&gt;,,,,
International Harvester Company ~ Truck Branch,775 Rice Street,St. Paul,MN,&lt;--1962-1980--&gt;,,,,
International Harvester Company,2199 Charles Street,St. Paul,MN,,,,,
Ransom & Lindberg,,St. Peter,MN,&lt;--1922--&gt;,,,,
Anthony Implements,,St. Peter,MN,&lt;--1948-1949--&gt;,,,,
Valley Implement Company,,St. Peter,MN,&lt;--1958--&gt;,,,,
Lager's (Inc.),910 North Minnesota Avenue,St. Peter,MN,&lt;--1967-1980--&gt;,,,,
Interstate Lumber Company,,Stacy,MN,&lt;--1945,,,,
Honstad Implement Company,,Stanley,MN,&lt;--1948--&gt;,,,,
Tyrrell Implement Company / Tyrrell's,119 2nd Avenue NW,Staples,MN,&lt;--1948-1976--&gt;,J  P,,,"46.356040, -94.801520"
Farmer's Store,,Starbuck,MN,&lt;--1913--&gt;,,,,
Ed Chalenburg & Son,,Starbuck,MN,&lt;--1946,,,,
Lindberg Implement,,Starbuck,MN,&lt;--1948-1969--&gt;,,,,
Stephen Implement Company,,Stephen,MN,&lt;--1944-1962--&gt;,,,,
Stephen Oil & Implement Company / Inc.,,Stephen,MN,&lt;--1964-1969--&gt;,,,,
Ed Studer,,Stewart,MN,&lt;--1948--&gt;,,,,
Wacker's,,Stewart,MN,,,,,
A. G. Wilson & Sons,,Stewartville,MN,&lt;--1945,,,,
Stillwater Market Company,,Stillwater,MN,&lt;--1928--&gt;,,,,
Carlson Brothers,,Stillwater,MN,&lt;--1948--&gt;,,,,
Kelly Motors,,Stillwater,MN,&lt;--1958--&gt;,,,,
Storden Implement Company,,Storden,MN,&lt;--1948--&gt;,,,,
Carey's Implement,,Storden,MN,&lt;--1958--&gt;,,,,
Farmers Grain Company,,Storden,MN,&lt;--1978-1984--&gt;,,,,
Sturgeon Lake Garage,,Sturgeon Lake,MN,&lt;--1958-1964--&gt;,,,,
Negaard Machine Company,,Sunburg,MN,&lt;--1948--&gt;,,,,
Swatara Service Station,,Swatara,MN,&lt;--1929--&gt;,,,,
L. P. Szarzynski,,Taunton,MN,&lt;--1945,,,,
Beck Hardware,,Taunton,MN,&lt;--1948-1958--&gt;,,,,
Lundberg Implement Company,,Taylors Falls,MN,&lt;--1948--&gt;,,,,
C. Gustafson & Son (Inc.),,Thief River Falls,MN,&lt;--1923-1965--&gt;,,,,
T & S Implement Company,,Thief River Falls,MN,&lt;--1967-1969--&gt;,,,,
Wennberg's,Oakland Park Road,Thief River Falls,MN,&lt;--1968--&gt;,,,,
Falls Diesel Service,Highway 59 North,Thief River Falls,MN,&lt;--1973-1976--&gt;,,,,
Anderson Equipment,,Thief River Falls,MN,,,,,
Standard Motor Company,,Tower,MN,&lt;--1958--&gt;,,,,
Ruthenbeck Implement Company,,Tracy,MN,&lt;--1948-1958--&gt;,,,,
"Ruthenbeck & Krieg, Inc.",,Tracy,MN,&lt;--1962-1969--&gt;,,,,
"Petersen-Baack, Inc.",Highway 14 & 8th Street,Tracy,MN,&lt;--1975-1980--&gt;,,,,
Johnson & Johnson,,Traverse,MN,&lt;--1944,,,,
Triumph Implement Company,,Trimont (Triumph),MN,&lt;--1948-1964--&gt;,,,,
Wm. Roth Implement Company,,Truman,MN,&lt;--1948--&gt;,,,,
Truman Equipment Company,,Truman,MN,&lt;--1955-1967--&gt;,,,,
"Peterson & Vogt / Peterson-Vogt, Inc.",,Truman,MN,&lt;--1978-1984--&gt;,,,,
M. J. Erickson Company,,Twin Valley,MN,&lt;--1967-1969--&gt;,,,,
Arrowhead Garage,,Two Harbors,MN,&lt;--1958--&gt;,,,,
"Ramey Mfg. & Eng., Inc.",,Two Harbors,MN,&lt;--1962--&gt;,,,,
Andersons Sales,,Two Harbors,MN,&lt;--1964-1969--&gt;,,,,
Barko Loader Service,Highway 61 West,Two Harbors,MN,&lt;--1973-1974--&gt;,,,,
Melgaard Implement Company,,Tyler,MN,&lt;--1948-1958--&gt;,,,,
"Tyler Implement Company, Inc.",North Main Street,Tyler,MN,&lt;--1962-1984--&gt;,,,,
Henry Gibson,,Ulen,MN,&lt;--1940--&gt;,,,,
Gibson Implement Company,,Ulen,MN,&lt;--1948--&gt;,J,,,
Ulen Implement Company,,Ulen,MN,&lt;--1957-1964--&gt;,,,,
Nygaards Farm Equipment,,Ulen,MN,&lt;--1967-1969--&gt;,,,,
Erickson Implement Company,,Upsala,MN,&lt;--1948--&gt;,,,,
H. C. Calvert / H. Calvert,,Verndale,MN,&lt;--1913-1915--&gt;,,,,
Andy's Cash Store,,Verndale,MN,&lt;--1946,,,,
Wm. Nelsen / Vesta Feed Mill,,Vesta,MN,&lt;--1948--&gt;,,,,
William Braunworth,,Victoria,MN,&lt;--1942-1948--&gt;,,,,
Braunworth Equipment Company,,Victoria,MN,&lt;--1958--&gt;,,,,
"Hall Equipment, Inc.",,Virginia,MN,&lt;--1968--&gt;,,,,
International Harvester Company ~ Payline Branch,1400 West Chestnut Street,Virginia,MN,&lt;--1978-1980--&gt;,,,,
Virginia Work People's Trading Company,,Virginia,MN,,,,,
V. C. Hopfenspirger,,Wabasso,MN,&lt;--1946,,,,
Baltes Implement Company,,Wabasso,MN,&lt;--1948--&gt;,,,,
Redwood County Farm Bureau Service Association,,Wabasso,MN,&lt;--1958--&gt;,,,,
Waconia Service Station,,Waconia,MN,&lt;--1962-1964--&gt;,,,,
Uselman Implement Company,,Wadena,MN,&lt;--1948--&gt;,,,,
"Uselman's, Inc.",Highway 10 East,Wadena,MN,&lt;--1958-1980--&gt;,,,,
Alexandria Diesel,Highway 10 East,Wadena,MN,&lt;--1990--&gt;,,,,
Robert Schmidt,,Waldorf,MN,&lt;--1920-1929--&gt;,,,,
Orton Motor,,Walker,MN,&lt;--1973--&gt;,,,,
Nordgren & Paulson,,Walnut Grove,MN,&lt;--1911--&gt;,,,,
A. O. Egge,,Walnut Grove,MN,&lt;--1945,,,,
Longs Implement Company,,Walnut Grove,MN,&lt;--1948,J  M,,,
Nelson Implement Company,,Walnut Grove,MN,1948-1957,,,,
"Sell Brothers, Inc.",Highway 14,Walnut Grove,MN,1957-1984--&gt;,,,,
Heydt Auto Company,,Waltham,MN,&lt;--1948--&gt;,,,,
"Waltham Equipment, Inc.",,Waltham,MN,&lt;--1955-1984--&gt;,,,,
Syverson Hardware & Implement Company,,Wanamingo,MN,&lt;--1948--&gt;,,,,
"Lundgren, Wittensten & Company",,Warren,MN,&lt;--1915-1920--&gt;,,,,
Warren Implement Company (Inc.),Highway 75 South,Warren,MN,&lt;--1942-1962--&gt;,P,,,
International Harvester Sales & Service,Highway 75 South,Warren,MN,&lt;--1963-1973--&gt;,,,,
Warren Implement Company (Inc.),4526 Highway 75 South,Warren,MN,&lt;--1974-1985--&gt;,,,,
Warroad Motors,Highway 11 South,Warroad,MN,&lt;--1969-1973--&gt;,,,,
"McLoone Bathke Brown Company, Inc.",,Waseca,MN,&lt;--1944,,,,
Keeley Farm Equipment Company,,Waseca,MN,&lt;--1946,,,,
Osmundson-Woodall Company,114 East Elm Avenue; 620 West Elm Avenue,Waseca,MN,&lt;--1947-1948--&gt;,P,,,"44.077700, -93.515910"
Osmundson Motors & Implements,,Waseca,MN,&lt;--1958--&gt;,,,,
Jim Fox Motors,,Waseca,MN,&lt;--1962-1969--&gt;,,,,
Bob Byron Implements,,Waseca,MN,&lt;--1967--&gt;,,,,
Borg Farm Equipment,,Watertown,MN,&lt;--1948--&gt;,,,,
Fratzke's,"Lewis Avenue North, between Territorial & State ",Watertown,MN,1959-1976,,,,From Arlin Fratzke
Midwest Sales & Service,,Watertown,MN,&lt;--1973-1974--&gt;,,,,
Midwest Motor & Equipment (Inc.),Lewis Avenue North & Maple Street,Watertown,MN,&lt;--1976-1984--&gt;,,,,
Marzahn Motor Company / Marzahn Motors,,Waterville,MN,&lt;--1942-1969--&gt;,,,,
H. J. Wartman,,Watkins,MN,&lt;--1913--&gt;,,,,
Theis Brothers,,Watkins,MN,&lt;--1948--&gt;,,,,
Oscar F. Theis,,Watkins,MN,,,,,
Ole Aamot,,Watson,MN,&lt;--1926-1927--&gt;,,,,
"Berry & Company, Inc.",,Wayzata,MN,&lt;--1958--&gt;,,,,
Dewey Rosenberg,,Welcome,MN,&lt;--1948--&gt;,,,,
Welcome Implement Company,,Welcome,MN,&lt;--1955--&gt;,,,,
J. H. Seedorf & Son,,Wells,MN,&lt;--1915--&gt;,,,,
Larson Implement Company,,Wells,MN,&lt;--1948-1969--&gt;,,,,
"Dylla & Erickson, Inc.",Highway 109 East,Wells,MN,&lt;--1969-1973--&gt;,,,,
"Dylla Implement, Inc.",Highway 109 East,Wells,MN,&lt;--1978-1980--&gt;,,,,
Mitchell & Sons,,Wells,MN,,,,,
Aamot Implement,Torrisson Avenue,Wendell,MN,&lt;--1948-1984--&gt;,P,,,"46.035810, -96.099910"
Herolds Garage & Implement Company,,West Concord,MN,&lt;--1948--&gt;,,,,
Bucher Implement Company,,West Concord,MN,&lt;--1958-1969--&gt;,,,,
Pirkls Garage & Implement Company,,West Concord,MN,,,,,
Servatius & Bentfield,,West Union,MN,&lt;--1916--&gt;,,,,
Reinhold Ewy,,Westbrook,MN,&lt;--1925--&gt;,,,,
R. Ewy,,Westbrook,MN,&lt;--1947,,,,
Westbrook Implement Company,,Westbrook,MN,&lt;--1948--&gt;,,,,
Gebhardt Implement Company,,Westbrook,MN,&lt;--1956,,,,
G & J Implement Company,,Westbrook,MN,1957--&gt;,,,,
Isaac Lee,,Wheaton,MN,&lt;--1919--&gt;,,,,
"Traverse Implements, Inc.",,Wheaton,MN,&lt;--1948-1967--&gt;,,,,
Vadnais Motors,513 Washington Avenue,White Bear Lake,MN,&lt;--1958-1978--&gt;,,,,
Barnett Chrysler-Plymouth Company,3610 Highway 61,White Bear Lake,MN,&lt;--1973-1976--&gt;,,,,
I. N. Dyrdahl,,Williams,MN,&lt;--1948--&gt;,,,,
Quinn Brothers Implement Company / Quinn Brothers,,Willmar,MN,&lt;--1943-1962--&gt;,J,,,
Fladeboe Buick Company,,Willmar,MN,&lt;--1958--&gt;,,,,
Auto Safety Service,,Willmar,MN,&lt;--1964--&gt;,,,,
"Nelson International, Inc.",East Highway 12,Willmar,MN,&lt;--1967-1969--&gt;,,,,
Willmar Implement (Company),South Highway 71; West Highway 40,Willmar,MN,&lt;--1970-1984--&gt;,,,,
Probst Bros. Implement Company / Probst Bros.,,Wilmont,MN,&lt;--1948-1962--&gt;,,,,
John Paulson,,Windom,MN,&lt;--1921--&gt;,,,,
Paulson & Snyder,,Windom,MN,&lt;--1947,,,,
Peters-Orth Implement Company,,Windom,MN,&lt;--1948-1958--&gt;,,,,
McCormick Farm Equipment Store,Highway 60 North,Windom,MN,&lt;--1959-1962--&gt;,,,,
International Harvester Sales & Service,Highway 60 North,Windom,MN,&lt;--1964-1967--&gt;,,,,
"Hochstein's, Inc,",Highway 60 North,Windom,MN,&lt;--1969-1973--&gt;,,,,
Twin County Equipment Company / Inc.,Highway 60 North,Windom,MN,&lt;--1978-1980--&gt;,,,,
"Williams Implement, Inc.",Highway 60 North,Windom,MN,&lt;--1984--&gt;,,,,
Espeseth Hardware Company / Espeseth Hardware & Implement,,Winger,MN,&lt;--1948-1984--&gt;,,,,
Lorentz C. Hanson,,Winnebago,MN,&lt;--1945,,,,
Adam Fron,,Winnebago,MN,&lt;--1945,,,,
Warren Implements,,Winnebago,MN,&lt;--1948--&gt;,,,,
Winnebago Implements,,Winnebago,MN,&lt;--1958--&gt;,,,,
Winnebago Implement & Auto (Inc.),27 Cleveland Avenue E,Winnebago,MN,&lt;--1962-1980--&gt;,,,,
G. R. Culver,,Winona,MN,&lt;--1921-1922--&gt;,,,,
Winona Truck & Implement Company,,Winona,MN,&lt;--1948-1958--&gt;,,,,
Winona Truck Service,65 Laird Street,Winona,MN,&lt;--1962-1973--&gt;,,,,
Rich's Truck Service,65 Laird Street; Highway 61 North,Winona,MN,&lt;--1974-1979--&gt;,,,,
H. C. Stresemann,,Winthrop,MN,&lt;--1923--&gt;,,,,
Curran Equipment Company,,Winthrop,MN,&lt;--1945,,,,
Bengston Johnson,,Winthrop,MN,&lt;--1948--&gt;,,,,
Brownies Motor Service,,Winthrop,MN,&lt;--1958--&gt;,,,,
Kinnunen Store,,Wolf Lake,MN,&lt;--1945,,,,
Frank Carlson,,Wolverton,MN,&lt;--1940-1948--&gt;,,,,
Carlson Equipment Company,Highway 75,Wolverton,MN,&lt;--1958-1980--&gt;,,,,
Irvin White,,Wood Lake,MN,&lt;--1947,,,,
Wood Lake Implement Company,,Wood Lake,MN,&lt;--1948-1958--&gt;,,,,
Wood Lake Implement (Inc.),,Wood Lake,MN,&lt;--1970-1984--&gt;,,,,
John Hoog,,Woodstock,MN,&lt;--1945,,,,
H. M. Dee Implement Company,,Worthington,MN,&lt;--1948--&gt;,,,,
Ludtke Implement Company,,Worthington,MN,&lt;--1958--&gt;,,,,
Watland International Company / Inc.,1909 Oxford Street,Worthington,MN,&lt;--1962-1984--&gt;,P?,Jaycox,,Building is heavily modified.
Paul's Auto & Truck Sales (Inc.),Highway 210,Wright,MN,&lt;--1974-1980--&gt;,,,,
Wykoff Lumber & Implement Company,,Wykoff,MN,&lt;--1948--&gt;,,,,
"Thompson Motors (of Wykoff, Inc.)",125 South Gold Street,Wykoff,MN,&lt;--1956-2014--&gt;,,,,
Carver Implement Company,,Wykoff,MN,,,,,
Schleich Implement Company,,Wykoff,MN,,,,,
Herman Klobe,,Young America,MN,&lt;--1944,,,,
Hanson Hardware,,Zimmerman,MN,&lt;--1948--&gt;,,,,
Zumbrota Implement Company,65 West 4th Street,Zumbrota,MN,&lt;--1948--&gt;,P,,,"44.293140, -92.670120"
"Ryan & Nei, Inc.",,Zumbrota,MN,&lt;--1958--&gt;,,,,
McCormick Farm Equipment Store,65 West 4th Street,Zumbrota,MN,&lt;--1960-1962--&gt;,P,,,"44.293140, -92.670120"
International Harvester Sales & Service,65 West 4th Street; Highway 52 North,Zumbrota,MN,&lt;--1962-1970--&gt;,P,,,"44.293140, -92.670120"
"Roble's, Inc.",Highway 52 North,Zumbrota,MN,&lt;--1972-1974--&gt;,,,,
"Roble & Nord, Inc.",Highway 52 North,Zumbrota,MN,&lt;--1976--&gt;,,,,
"Nord Implement, Inc.",Highway 52 North,Zumbrota,MN,&lt;--1978-1984,P,,,"44.304610, -92.688140"
"Wornson International, Inc.",Highway 52 North,Zumbrota,MN,1984--&gt;,P,,,"44.304610, -92.688140"
